,UnKnownUser,KnownUser
0,600003,600527
1,600031,611012
2,600046,602156
3,600079,600291
4,600089,600028
5,600090,609936
6,600122,623297
7,600146,613706
8,600152,606088
9,600158,624912
10,600162,654384
11,600203,618617
12,600236,600472
13,600245,600715
14,600274,613780
15,600319,615088
16,600325,637817
17,600331,603179
18,600364,623618
19,600402,600665
20,600415,600358
21,600475,605940
22,600481,600303
23,600490,600251
24,600501,604993
25,600509,602022
26,600565,601856
27,600575,600727
28,600582,607091
29,600590,603473
30,600595,614402
31,600616,633318
32,600625,602022
33,600630,600251
34,600649,606825
35,600650,602250
36,600689,600420
37,600702,600338
38,600737,604031
39,600747,606732
40,600809,601011
41,600821,601584
42,600904,604818
43,600912,600182
44,600915,610066
45,600926,605066
46,600938,602561
47,600943,602040
48,600971,600665
49,601068,601047
50,601095,602281
51,601125,619644
52,601138,600543
53,601152,630550
54,601159,600226
55,601206,610270
56,601219,600839
57,601230,640624
58,601276,609103
59,601288,602358
60,601306,604848
61,601349,603099
62,601361,611691
63,601368,600999
64,601390,601011
65,601396,631586
66,601400,665107
67,601409,600008
68,601436,620566
69,601440,600188
70,601453,601856
71,601465,602584
72,601489,600126
73,601497,600644
74,601503,601923
75,601519,603524
76,601521,649958
77,601531,611357
78,601536,618640
79,601542,601900
80,601605,655238
81,601621,617602
82,601632,600052
83,601659,601011
84,601660,667491
85,601681,607430
86,601694,601996
87,601703,600534
88,601705,604814
89,601715,600456
90,601721,611608
91,601727,624184
92,601737,600888
93,601742,601569
94,601780,602976
95,601788,605863
96,601843,616660
97,601877,600564
98,601911,608713
99,601933,613882
100,601935,601194
101,601949,601546
102,601960,600517
103,601967,600298
104,601984,604391
105,602027,610782
106,602030,617732
107,602039,604232
108,602066,657717
109,602076,603695
110,602094,602346
111,602139,609043
112,602143,600358
113,602147,601894
114,602153,610270
115,602162,601867
116,602185,600008
117,602203,620152
118,602244,612882
119,602256,613275
120,602264,600948
121,602278,628167
122,602286,636700
123,602320,600126
124,602326,630569
125,602330,658936
126,602338,602346
127,602378,600102
128,602405,640016
129,602445,613215
130,602498,602172
131,602503,614035
132,602509,604262
133,602523,607297
134,602542,613417
135,602594,607976
136,602619,602841
137,602639,609957
138,602643,600684
139,602662,602468
140,602702,600495
141,602726,634471
142,602760,622143
143,602773,600081
144,602775,600554
145,602790,602250
146,602807,633318
147,602836,601678
148,602845,670642
149,602892,604457
150,602898,606516
151,602912,605244
152,602924,606825
153,602936,604814
154,602945,609241
155,602997,603104
156,603052,673935
157,603060,600338
158,603077,602156
159,603086,604360
160,603137,605248
161,603149,600715
162,603151,602535
163,603219,604882
164,603226,643701
165,603230,600436
166,603253,607628
167,603256,625983
168,603272,649455
169,603278,601824
170,603296,612062
171,603301,621346
172,603331,600444
173,603337,604078
174,603369,647566
175,603376,600818
176,603403,609043
177,603427,600456
178,603438,601120
179,603458,608720
180,603466,603473
181,603480,600839
182,603495,600222
183,603532,604457
184,603562,619679
185,603572,601970
186,603587,604358
187,603603,600691
188,603605,602088
189,603615,656503
190,603632,607618
191,603653,604848
192,603736,607618
193,603744,607814
194,603764,600839
195,603765,615839
196,603775,602841
197,603824,601375
198,603851,618372
199,603863,604130
200,603868,603099
201,603919,607175
202,603942,641181
203,603952,612153
204,603958,638628
205,603973,604853
206,603985,616076
207,603991,602795
208,604013,605753
209,604049,600338
210,604054,605066
211,604152,600011
212,604189,638879
213,604199,600251
214,604227,606354
215,604293,600665
216,604295,600011
217,604303,612430
218,604318,631226
219,604325,600658
220,604353,600456
221,604377,662814
222,604404,602430
223,604409,611282
224,604414,615570
225,604427,613275
226,604436,600825
227,604444,600011
228,604453,624434
229,604488,600993
230,604512,600818
231,604521,603245
232,604541,613025
233,604556,620177
234,604578,619394
235,604580,618983
236,604637,601257
237,604656,648681
238,604670,601546
239,604681,600644
240,604694,607175
241,604696,623297
242,604725,601011
243,604736,600420
244,604752,604801
245,604759,606765
246,604775,602430
247,604791,612057
248,604822,604814
249,604843,603691
250,604858,641181
251,604870,600456
252,604876,620047
253,604905,674875
254,604921,600999
255,604928,600775
256,604944,611384
257,604951,600251
258,604982,600658
259,604989,609103
260,605024,602106
261,605033,600744
262,605035,601223
263,605042,652960
264,605063,602106
265,605083,646214
266,605089,610312
267,605109,620632
268,605122,666568
269,605147,600517
270,605150,606129
271,605159,605202
272,605171,649908
273,605190,600517
274,605197,600279
275,605223,606461
276,605229,621091
277,605254,600233
278,605282,608852
279,605285,601261
280,605292,626375
281,605308,613514
282,605344,643992
283,605395,604526
284,605401,600102
285,605406,600043
286,605465,608281
287,605486,600291
288,605545,605188
289,605569,600495
290,605573,600644
291,605590,623359
292,605595,621767
293,605603,624088
294,605606,601180
295,605620,620139
296,605625,603506
297,605636,600303
298,605657,600534
299,605667,605005
300,605673,600712
301,605701,600839
302,605721,625519
303,605739,607667
304,605744,600081
305,605767,600105
306,605771,601120
307,605790,624135
308,605809,600102
309,605819,605066
310,605853,608349
311,605867,643093
312,605891,606165
313,605899,628160
314,605901,600209
315,605908,606813
316,605923,639956
317,605926,610140
318,605974,601323
319,606015,605232
320,606052,615028
321,606059,625410
322,606063,603695
323,606066,600105
324,606091,604814
325,606103,617193
326,606112,603005
327,606161,601323
328,606196,620152
329,606205,660381
330,606220,600472
331,606246,603506
332,606258,667605
333,606264,600982
334,606271,654398
335,606279,613910
336,606310,612941
337,606325,602281
338,606356,600818
339,606365,601864
340,606380,602956
341,606438,656649
342,606456,601047
343,606469,650024
344,606470,604591
345,606529,600637
346,606540,600269
347,606554,601426
348,606581,611691
349,606599,620380
350,606604,617751
351,606608,671657
352,606614,607605
353,606638,602561
354,606640,600291
355,606674,605553
356,606690,666568
357,606705,601653
358,606713,602528
359,606725,652448
360,606781,612343
361,606789,616258
362,606804,600554
363,606833,601602
364,606849,600712
365,606853,601923
366,606864,600839
367,606894,600454
368,606906,632281
369,606925,601083
370,606938,668345
371,606952,663718
372,606955,609103
373,606968,605375
374,606992,600242
375,607041,601602
376,607059,603186
377,607076,609610
378,607097,600839
379,607118,605863
380,607139,641938
381,607148,607277
382,607150,600251
383,607158,607235
384,607165,601854
385,607188,614512
386,607225,635210
387,607232,600011
388,607244,666178
389,607258,605066
390,607269,604419
391,607283,606028
392,607285,603473
393,607305,600999
394,607329,603871
395,607359,608075
396,607406,600126
397,607424,603506
398,607450,671856
399,607478,610721
400,607519,600999
401,607528,644139
402,607539,601923
403,607551,612343
404,607558,601083
405,607600,603195
406,607610,605202
407,607640,600517
408,607650,602584
409,607719,601004
410,607740,600052
411,607748,600321
412,607751,602743
413,607755,618902
414,607768,600102
415,607777,637941
416,607782,600233
417,607787,603245
418,607796,605503
419,607803,610524
420,607809,601323
421,607817,619830
422,607881,671394
423,607887,605442
424,607893,621984
425,607900,600975
426,607916,604814
427,607920,613434
428,607950,601678
429,607959,600999
430,607989,607438
431,608002,600527
432,608023,601867
433,608029,600436
434,608031,609035
435,608125,602299
436,608153,602281
437,608207,624204
438,608231,668345
439,608268,622496
440,608278,620666
441,608303,602250
442,608305,600209
443,608392,603661
444,608494,601996
445,608497,601020
446,608537,600744
447,608547,600665
448,608564,636717
449,608580,606817
450,608593,612505
451,608600,611071
452,608612,607430
453,608650,636746
454,608663,600226
455,608683,612465
456,608685,605391
457,608707,610610
458,608728,612312
459,608744,618902
460,608759,601484
461,608765,617463
462,608774,611306
463,608779,605761
464,608794,613023
465,608810,612274
466,608831,618556
467,608848,622578
468,608862,600456
469,608871,613821
470,608892,601011
471,608901,600102
472,608905,612057
473,608932,649567
474,608971,600456
475,608978,611558
476,608981,611949
477,608987,601011
478,608994,605458
479,608995,607170
480,609020,604457
481,609052,600517
482,609072,600825
483,609080,642349
484,609105,620152
485,609112,600608
486,609116,601546
487,609128,601824
488,609143,600105
489,609148,600644
490,609154,638201
491,609188,604183
492,609208,613473
493,609217,600847
494,609235,600126
495,609270,605758
496,609282,600251
497,609308,613417
498,609310,615839
499,609336,600993
500,609366,653923
501,609376,602196
502,609380,601280
503,609406,610902
504,609413,600341
505,609416,600644
506,609421,605646
507,609426,601462
508,609431,621861
509,609488,667388
510,609493,600308
511,609511,600303
512,609515,669338
513,609549,602208
514,609554,663856
515,609556,600269
516,609565,600644
517,609599,617745
518,609603,607175
519,609629,636555
520,609642,631226
521,609668,601226
522,609681,600456
523,609702,605209
524,609717,600102
525,609730,600105
526,609767,605202
527,609777,655205
528,609783,605066
529,609794,605758
530,609796,602022
531,609802,601666
532,609816,626452
533,609824,634904
534,609838,600233
535,609856,601559
536,609860,601864
537,609870,600463
538,609904,638461
539,609909,602179
540,609917,632767
541,609925,602393
542,609963,605219
543,609966,632767
544,609992,611512
545,610010,638848
546,610030,600251
547,610043,602767
548,610079,600436
549,610093,600839
550,610109,604964
551,610149,620811
552,610222,610465
553,610239,621493
554,610258,603235
555,610268,605882
556,610291,609043
557,610299,610524
558,610329,628619
559,610330,607253
560,610337,644507
561,610344,606681
562,610345,601856
563,610384,602732
564,610394,607170
565,610463,600242
566,610508,651361
567,610536,603553
568,610543,600993
569,610549,600456
570,610556,600527
571,610567,601116
572,610596,614394
573,610605,600744
574,610618,616633
575,610634,614100
576,610651,601323
577,610679,602340
578,610680,624003
579,610704,604814
580,610716,606825
581,610752,657122
582,610772,628167
583,610777,600586
584,610786,627174
585,610850,600105
586,610868,600727
587,610870,657842
588,610882,645316
589,610896,600993
590,610909,666819
591,610933,600008
592,610946,601923
593,610982,602723
594,610989,610964
595,611002,600251
596,611019,606588
597,611029,603506
598,611042,600257
599,611076,600517
600,611091,609473
601,611102,601802
602,611105,600771
603,611113,604740
604,611115,600472
605,611121,605209
606,611166,600261
607,611177,600102
608,611192,601011
609,611258,604031
610,611276,610967
611,611289,602888
612,611304,604002
613,611332,604391
614,611338,632947
615,611346,603140
616,611369,654736
617,611414,616602
618,611447,614394
619,611454,615358
620,611467,620874
621,611471,605391
622,611500,601475
623,611538,604321
624,611541,600527
625,611613,621416
626,611615,607430
627,611641,600866
628,611653,603071
629,611661,652799
630,611676,600712
631,611698,641042
632,611712,636064
633,611743,604814
634,611766,618098
635,611807,605553
636,611810,604262
637,611823,621721
638,611855,600102
639,611869,600242
640,611957,650347
641,611979,616473
642,611981,606088
643,611997,634370
644,612028,630596
645,612076,603372
646,612128,604194
647,612130,600011
648,612135,605066
649,612144,603441
650,612146,603473
651,612159,609542
652,612161,616299
653,612165,619943
654,612177,602732
655,612200,604786
656,612226,600072
657,612239,617644
658,612248,603113
659,612269,601546
660,612275,608720
661,612293,601415
662,612308,632809
663,612327,601824
664,612368,606098
665,612379,604457
666,612383,614394
667,612404,601817
668,612418,600209
669,612421,644139
670,612445,601824
671,612454,602106
672,612470,601323
673,612479,602273
674,612490,601824
675,612519,629818
676,612520,661293
677,612530,602053
678,612560,605661
679,612566,625030
680,612575,641371
681,612581,633705
682,612593,600303
683,612603,603473
684,612624,614402
685,612630,605758
686,612645,607084
687,612684,660713
688,612761,638866
689,612765,623297
690,612775,617456
691,612780,603195
692,612789,618759
693,612803,639956
694,612815,600321
695,612841,618163
696,612845,667287
697,612852,603799
698,612858,636064
699,612870,641631
700,612878,640701
701,612891,670286
702,612903,606516
703,612906,613295
704,612914,656320
705,612918,601323
706,612967,620139
707,612971,600057
708,612976,640826
709,612998,600298
710,613014,601824
711,613078,613291
712,613128,608875
713,613135,618983
714,613154,608065
715,613165,600209
716,613182,610321
717,613187,610519
718,613240,614394
719,613274,633245
720,613284,670988
721,613325,600105
722,613350,607335
723,613376,603661
724,613381,600242
725,613393,600472
726,613397,607175
727,613409,658554
728,613423,601149
729,613457,609035
730,613488,602878
731,613501,605057
732,613516,600839
733,613529,623297
734,613534,601854
735,613542,605690
736,613599,605066
737,613627,615305
738,613646,605503
739,613658,600298
740,613678,660341
741,613682,602748
742,613730,665554
743,613799,610729
744,613813,600691
745,613863,600102
746,613901,600744
747,613918,603747
748,613924,600999
749,613951,606524
750,613969,603785
751,613983,631621
752,614006,605503
753,614029,604141
754,614085,606354
755,614122,600564
756,614129,623577
757,614142,600298
758,614150,653923
759,614167,600011
760,614171,600242
761,614208,603703
762,614219,603661
763,614280,665107
764,614290,612861
765,614298,601149
766,614329,600338
767,614340,614349
768,614368,620106
769,614371,600993
770,614378,601824
771,614382,604814
772,614413,600554
773,614426,600008
774,614432,627863
775,614442,600285
776,614445,607909
777,614505,601323
778,614515,605730
779,614522,642272
780,614538,600126
781,614567,602444
782,614582,610433
783,614591,626055
784,614606,609103
785,614628,617751
786,614646,603747
787,614665,600709
788,614679,602767
789,614714,623276
790,614719,600612
791,614720,605202
792,614737,601323
793,614764,607667
794,614766,603506
795,614794,632767
796,614820,603519
797,614845,601323
798,614851,607628
799,614900,600715
800,614905,603494
801,614910,607091
802,614948,604814
803,614962,612062
804,615002,651650
805,615060,602022
806,615077,600285
807,615120,601149
808,615133,604419
809,615178,608924
810,615219,607197
811,615246,600222
812,615258,627468
813,615278,600517
814,615296,600534
815,615314,627420
816,615318,650661
817,615320,602444
818,615337,601569
819,615360,672421
820,615365,600052
821,615381,629958
822,615419,600511
823,615435,616656
824,615447,615600
825,615488,600444
826,615503,617820
827,615522,631373
828,615564,600818
829,615593,600612
830,615622,600209
831,615629,603372
832,615641,638169
833,615645,602444
834,615659,658437
835,615704,601577
836,615706,600527
837,615711,600637
838,615729,639965
839,615758,600072
840,615770,632026
841,615790,602444
842,615797,614056
843,615808,600612
844,615840,602732
845,615864,602250
846,615891,601475
847,615903,601011
848,615936,604917
849,615947,607430
850,615966,600072
851,615977,600472
852,615985,654462
853,615990,600999
854,616020,610140
855,616054,603961
856,616062,607011
857,616065,605202
858,616086,607430
859,616101,610825
860,616114,656410
861,616120,601083
862,616147,669002
863,616176,654925
864,616204,602396
865,616205,608852
866,616215,602022
867,616235,606461
868,616241,612057
869,616254,601035
870,616273,600251
871,616286,627805
872,616292,600511
873,616301,643701
874,616314,610964
875,616330,613025
876,616349,622216
877,616352,605509
878,616373,616029
879,616379,603000
880,616382,601323
881,616393,633877
882,616402,603799
883,616410,601011
884,616419,612659
885,616434,605391
886,616436,600126
887,616453,637518
888,616463,607667
889,616493,643265
890,616502,601083
891,616512,600999
892,616535,600456
893,616564,600866
894,616620,603871
895,616635,601323
896,616647,616656
897,616666,601546
898,616672,600495
899,616689,602414
900,616692,604608
901,616702,653667
902,616750,600102
903,616758,601958
904,616782,608875
905,616817,614100
906,616835,600456
907,616843,650347
908,616847,601867
909,616858,600466
910,616863,603924
911,616870,643116
912,616886,606049
913,616896,600175
914,616910,600876
915,616921,608523
916,616929,604763
917,616961,602358
918,616965,603286
919,616980,613958
920,616986,601943
921,617007,610302
922,617011,619664
923,617035,600008
924,617048,641817
925,617065,605016
926,617073,600072
927,617096,604814
928,617117,600043
929,617122,609279
930,617154,617732
931,617158,602167
932,617176,610627
933,617199,647659
934,617231,621861
935,617290,605209
936,617299,621230
937,617317,622143
938,617332,605539
939,617363,605360
940,617376,608588
941,617414,600444
942,617415,604391
943,617423,605758
944,617453,609619
945,617485,602300
946,617516,601083
947,617522,611608
948,617556,603195
949,617560,606172
950,617570,601993
951,617593,601083
952,617622,603871
953,617651,604078
954,617679,600425
955,617684,641817
956,617711,610902
957,617717,600472
958,617720,607580
959,617729,635728
960,617757,601923
961,617763,644924
962,617767,606417
963,617771,603410
964,617787,604935
965,617796,602346
966,617817,633153
967,617841,616155
968,617849,647653
969,617876,600637
970,617881,622641
971,617891,673640
972,617930,600133
973,617949,600242
974,617956,602767
975,617967,604526
976,617998,603140
977,618011,600456
978,618020,601856
979,618029,608523
980,618036,600712
981,618044,632862
982,618064,650443
983,618065,607297
984,618084,609043
985,618104,605057
986,618138,601546
987,618146,600527
988,618194,600126
989,618234,600444
990,618267,662202
991,618311,600285
992,618335,655205
993,618344,609180
994,618347,638024
995,618353,603372
996,618484,600242
997,618507,601923
998,618531,634904
999,618541,606516
1000,618573,621578
1001,618606,603245
1002,618653,603441
1003,618672,601653
1004,618675,600993
1005,618699,610627
1006,618717,610406
1007,618747,618163
1008,618768,639037
1009,618780,630476
1010,618803,600554
1011,618815,605066
1012,618825,646232
1013,618837,613780
1014,618846,600644
1015,618863,602063
1016,618912,602172
1017,618918,620850
1018,618934,605758
1019,618942,601493
1020,618967,600876
1021,618971,601577
1022,618992,600072
1023,618996,602115
1024,619021,601083
1025,619048,600727
1026,619051,608720
1027,619073,600511
1028,619082,605066
1029,619105,630784
1030,619112,602556
1031,619133,644624
1032,619144,632789
1033,619175,606134
1034,619198,600396
1035,619204,600209
1036,619205,600727
1037,619225,612374
1038,619288,620152
1039,619292,602300
1040,619296,605458
1041,619311,601923
1042,619323,600456
1043,619327,627174
1044,619330,605057
1045,619350,602340
1046,619366,650495
1047,619372,613706
1048,619380,605863
1049,619387,628622
1050,619395,619841
1051,619424,601854
1052,619479,602022
1053,619493,604526
1054,619527,617193
1055,619535,601194
1056,619563,626348
1057,619566,627347
1058,619578,610926
1059,619596,617745
1060,619603,600730
1061,619616,650024
1062,619624,600209
1063,619648,651835
1064,619668,618460
1065,619670,601180
1066,619702,607618
1067,619708,600527
1068,619717,601323
1069,619728,602106
1070,619775,628308
1071,619792,646975
1072,619823,605458
1073,619825,600665
1074,619852,602208
1075,619856,606408
1076,619872,600554
1077,619883,601083
1078,619906,604232
1079,619911,606817
1080,619920,602106
1081,619936,600261
1082,619948,600072
1083,619963,604183
1084,619986,610354
1085,620014,602574
1086,620050,608360
1087,620061,645655
1088,620069,600102
1089,620117,600712
1090,620129,602053
1091,620131,603756
1092,620192,607039
1093,620195,609845
1094,620205,600466
1095,620223,600444
1096,620241,601011
1097,620249,603357
1098,620299,605202
1099,620315,601323
1100,620322,608273
1101,620333,651361
1102,620335,606300
1103,620355,600511
1104,620375,608131
1105,620399,601431
1106,620415,609043
1107,620431,601824
1108,620445,645655
1109,620481,608556
1110,620491,604340
1111,620501,625126
1112,620507,600472
1113,620542,658554
1114,620550,602444
1115,620559,603961
1116,620560,600547
1117,620575,622991
1118,620600,600188
1119,620606,604340
1120,620619,601970
1121,620627,605758
1122,620670,611608
1123,620692,601671
1124,620695,600999
1125,620704,613275
1126,620712,603195
1127,620726,600665
1128,620739,625488
1129,620745,627555
1130,620768,600554
1131,620773,602983
1132,620788,602346
1133,620804,637349
1134,620808,600052
1135,620817,633897
1136,620825,601817
1137,620847,600763
1138,620858,642349
1139,620879,600008
1140,620938,600209
1141,620971,600485
1142,620984,602767
1143,620990,602841
1144,620999,606150
1145,621000,610769
1146,621009,654560
1147,621037,600456
1148,621060,654470
1149,621102,600105
1150,621114,600839
1151,621116,610729
1152,621169,621148
1153,621174,652518
1154,621187,601996
1155,621207,601032
1156,621223,617105
1157,621244,602250
1158,621274,601116
1159,621300,600102
1160,621323,624912
1161,621327,631373
1162,621344,601854
1163,621350,600665
1164,621360,619439
1165,621391,600999
1166,621399,654436
1167,621402,647279
1168,621409,607378
1169,621433,600623
1170,621461,600712
1171,621472,633047
1172,621482,603848
1173,621552,600730
1174,621565,600081
1175,621570,601923
1176,621612,609610
1177,621623,600818
1178,621658,600102
1179,621660,600444
1180,621686,646975
1181,621690,625666
1182,621699,603961
1183,621734,604031
1184,621749,605066
1185,621762,615038
1186,621790,612505
1187,621842,600251
1188,621849,602444
1189,621870,603506
1190,621884,621861
1191,621893,602300
1192,621897,603280
1193,621906,661093
1194,621911,613640
1195,621918,603556
1196,621941,601923
1197,621953,612068
1198,621986,600384
1199,621990,601149
1200,622032,602340
1201,622066,608885
1202,622070,606825
1203,622114,615254
1204,622134,600303
1205,622136,645414
1206,622150,600644
1207,622187,655835
1208,622229,602106
1209,622244,601894
1210,622249,600444
1211,622267,603195
1212,622274,605758
1213,622295,601923
1214,622321,630175
1215,622340,601569
1216,622367,603453
1217,622403,600818
1218,622422,602250
1219,622433,603703
1220,622481,634431
1221,622494,604853
1222,622502,600554
1223,622527,600999
1224,622541,602250
1225,622608,614394
1226,622618,601149
1227,622633,602022
1228,622636,671498
1229,622654,610189
1230,622655,600866
1231,622664,600233
1232,622667,620286
1233,622673,602732
1234,622678,673929
1235,622727,603173
1236,622732,603099
1237,622742,600251
1238,622749,665047
1239,622779,601824
1240,622798,604814
1241,622801,600608
1242,622809,602250
1243,622819,601011
1244,622849,603506
1245,622857,600209
1246,622867,600081
1247,622879,601546
1248,622891,642383
1249,622919,623913
1250,622926,604285
1251,622934,633769
1252,622946,610397
1253,622956,601970
1254,622989,607175
1255,623038,603173
1256,623045,602208
1257,623051,600637
1258,623069,610604
1259,623087,604391
1260,623100,600908
1261,623115,600999
1262,623133,656779
1263,623135,619899
1264,623202,642180
1265,623213,606817
1266,623253,600538
1267,623268,610524
1268,623281,643544
1269,623313,600999
1270,623320,605005
1271,623332,602346
1272,623337,637495
1273,623348,629044
1274,623381,617471
1275,623408,663678
1276,623439,601475
1277,623551,600368
1278,623564,606290
1279,623653,601323
1280,623676,609103
1281,623691,600665
1282,623744,601261
1283,623773,600495
1284,623797,607175
1285,623830,603410
1286,623864,620217
1287,623879,600999
1288,623903,605066
1289,623915,600081
1290,623933,606186
1291,623949,604183
1292,623950,623618
1293,623956,607277
1294,623963,633511
1295,623970,603506
1296,623979,600730
1297,623983,613706
1298,623988,643093
1299,623997,612941
1300,624012,606417
1301,624039,600008
1302,624052,600888
1303,624059,602994
1304,624064,600993
1305,624079,603099
1306,624100,600193
1307,624105,600011
1308,624126,600102
1309,624146,610354
1310,624165,666126
1311,624187,601856
1312,624190,609619
1313,624197,602561
1314,624208,600081
1315,624220,638024
1316,624239,604964
1317,624271,600338
1318,624349,600126
1319,624361,641644
1320,624394,600839
1321,624400,600420
1322,624409,601546
1323,624457,610433
1324,624465,603473
1325,624471,634142
1326,624513,601180
1327,624535,602250
1328,624544,666661
1329,624569,648875
1330,624570,601323
1331,624577,613477
1332,624593,601047
1333,624603,601996
1334,624630,633389
1335,624654,600715
1336,624656,603005
1337,624665,629686
1338,624678,610610
1339,624695,637408
1340,624706,601323
1341,624720,600644
1342,624757,662814
1343,624775,656396
1344,624795,625088
1345,624823,602491
1346,624831,605066
1347,624836,612495
1348,624874,613093
1349,624904,645414
1350,624926,654470
1351,624930,600818
1352,624941,600072
1353,624981,600999
1354,624988,604018
1355,625026,611949
1356,625075,603195
1357,625096,600691
1358,625103,652502
1359,625107,617447
1360,625111,600251
1361,625152,619439
1362,625155,605016
1363,625189,605066
1364,625210,673171
1365,625230,600612
1366,625248,607084
1367,625268,600298
1368,625285,612274
1369,625290,674544
1370,625316,607084
1371,625326,639965
1372,625339,609610
1373,625381,624529
1374,625417,645263
1375,625432,608281
1376,625455,649266
1377,625463,600303
1378,625465,666743
1379,625473,607618
1380,625482,600975
1381,625494,602346
1382,625510,612121
1383,625520,610354
1384,625525,606524
1385,625534,606732
1386,625542,600665
1387,625548,602965
1388,625561,654384
1389,625603,600008
1390,625613,602855
1391,625652,600233
1392,625681,602281
1393,625685,605458
1394,625723,604956
1395,625733,603506
1396,625739,604340
1397,625746,600727
1398,625790,609936
1399,625813,602795
1400,625821,600102
1401,625840,600269
1402,625880,617732
1403,625898,626198
1404,625902,601083
1405,625923,624248
1406,625925,628619
1407,625939,600303
1408,625964,600818
1409,625965,632896
1410,625993,653284
1411,625995,630934
1412,626031,618203
1413,626072,613832
1414,626078,600712
1415,626085,602512
1416,626092,604610
1417,626121,600291
1418,626136,607011
1419,626147,636066
1420,626164,635210
1421,626179,601923
1422,626193,605503
1423,626206,600727
1424,626216,606500
1425,626227,600775
1426,626238,626198
1427,626264,600517
1428,626269,609043
1429,626278,600436
1430,626298,600908
1431,626300,600658
1432,626342,602584
1433,626363,600684
1434,626370,600105
1435,626380,603506
1436,626391,605690
1437,626395,603000
1438,626405,600866
1439,626437,601180
1440,626461,600555
1441,626506,600684
1442,626534,603245
1443,626551,600072
1444,626580,602414
1445,626621,623768
1446,626643,612343
1447,626668,616602
1448,626670,611499
1449,626684,610890
1450,626704,604610
1451,626705,600008
1452,626718,611384
1453,626724,602008
1454,626726,610354
1455,626733,600527
1456,626756,617392
1457,626772,617745
1458,626813,601323
1459,626818,603473
1460,626848,600730
1461,626852,600839
1462,626904,603357
1463,626941,600338
1464,626955,601678
1465,626977,603380
1466,626984,600358
1467,626996,600712
1468,627007,605383
1469,627028,637544
1470,627031,601323
1471,627043,600644
1472,627048,600517
1473,627051,642902
1474,627060,614402
1475,627066,642961
1476,627082,605391
1477,627098,600554
1478,627125,625787
1479,627134,603235
1480,627164,602444
1481,627177,601223
1482,627195,605163
1483,627205,632862
1484,627233,601856
1485,627254,604391
1486,627260,625409
1487,627288,600999
1488,627303,604993
1489,627312,604610
1490,627344,603099
1491,627393,601323
1492,627417,600564
1493,627426,625666
1494,627436,611394
1495,627444,606461
1496,627478,605503
1497,627510,623158
1498,627518,625519
1499,627522,604733
1500,627527,603961
1501,627564,646156
1502,627573,603890
1503,627591,606516
1504,627604,674652
1505,627635,607618
1506,627653,602346
1507,627672,616318
1508,627678,602250
1509,627682,600052
1510,627713,601323
1511,627720,602767
1512,627729,657355
1513,627766,604526
1514,627778,602106
1515,627828,618073
1516,627838,601996
1517,627886,600555
1518,627933,604232
1519,627939,603286
1520,627959,607384
1521,627962,632918
1522,627973,661438
1523,627987,600637
1524,628008,631384
1525,628017,625024
1526,628023,606516
1527,628035,627508
1528,628064,608357
1529,628075,600658
1530,628102,600727
1531,628116,600691
1532,628125,603506
1533,628154,601116
1534,628159,617456
1535,628178,649340
1536,628202,603506
1537,628227,600251
1538,628247,606524
1539,628265,617745
1540,628272,601261
1541,628281,600008
1542,628290,601011
1543,628317,614394
1544,628324,600839
1545,628329,600057
1546,628373,601560
1547,628417,601431
1548,628433,600472
1549,628437,600993
1550,628494,605066
1551,628504,600744
1552,628544,600839
1553,628572,603131
1554,628587,657912
1555,628612,611394
1556,628657,617618
1557,628678,602250
1558,628692,600554
1559,628725,602820
1560,628755,604391
1561,628789,608487
1562,628800,641181
1563,628811,600303
1564,628817,600555
1565,628828,601546
1566,628857,609043
1567,628866,656137
1568,628884,614436
1569,628887,600102
1570,628892,600948
1571,628898,604964
1572,628927,632315
1573,628934,605758
1574,628941,600495
1575,628946,637941
1576,628953,645263
1577,628956,601323
1578,628992,602022
1579,629026,600527
1580,629036,652502
1581,629059,600285
1582,629069,602491
1583,629077,602071
1584,629088,600126
1585,629103,604183
1586,629137,610519
1587,629145,603364
1588,629156,653869
1589,629169,601778
1590,629175,615496
1591,629182,600407
1592,629187,605940
1593,629206,611384
1594,629231,604964
1595,629249,605202
1596,629254,601323
1597,629268,604993
1598,629291,637311
1599,629328,607814
1600,629338,628622
1601,629367,643405
1602,629371,611037
1603,629379,607438
1604,629399,600011
1605,629400,608852
1606,629409,601923
1607,629431,602468
1608,629451,632862
1609,629464,603695
1610,629466,607335
1611,629490,613564
1612,629500,670642
1613,629572,600712
1614,629594,600257
1615,629597,604807
1616,629606,600456
1617,629634,621861
1618,629636,600999
1619,629655,610964
1620,629666,600712
1621,629680,602584
1622,629697,631384
1623,629702,604770
1624,629711,601297
1625,629717,627174
1626,629747,660390
1627,629827,619094
1628,629836,601923
1629,629851,638628
1630,629859,606134
1631,629867,665107
1632,629892,602231
1633,629911,605260
1634,629923,605076
1635,629926,600664
1636,629933,655346
1637,629935,601257
1638,629952,600257
1639,629975,600011
1640,629988,600527
1641,630002,610967
1642,630006,600291
1643,630023,607297
1644,630041,600222
1645,630051,605066
1646,630060,600444
1647,630215,602983
1648,630223,602063
1649,630240,602743
1650,630248,652315
1651,630286,600608
1652,630298,600193
1653,630321,603113
1654,630336,600102
1655,630363,603473
1656,630388,601824
1657,630393,600126
1658,630397,600993
1659,630420,626055
1660,630441,673171
1661,630471,656503
1662,630499,601116
1663,630506,607297
1664,630532,604956
1665,630582,601113
1666,630589,602878
1667,630641,601426
1668,630646,602106
1669,630683,602965
1670,630691,602358
1671,630724,603173
1672,630727,626925
1673,630744,600072
1674,630785,605066
1675,630821,602535
1676,630831,601415
1677,630835,605057
1678,630841,601426
1679,630867,619841
1680,630870,671056
1681,630886,602340
1682,630894,608781
1683,630937,601462
1684,630955,674706
1685,630960,611691
1686,630966,610354
1687,630983,605209
1688,630991,601223
1689,631016,605066
1690,631024,616554
1691,631029,604340
1692,631032,620751
1693,631057,614288
1694,631078,602156
1695,631106,602841
1696,631125,639037
1697,631142,601546
1698,631163,601083
1699,631165,600586
1700,631179,608075
1701,631183,606494
1702,631188,600052
1703,631194,601047
1704,631198,664835
1705,631255,607430
1706,631303,639514
1707,631306,616029
1708,631311,668064
1709,631319,655480
1710,631326,625397
1711,631378,654384
1712,631399,603799
1713,631405,603195
1714,631429,649567
1715,631439,617093
1716,631459,606354
1717,631480,605553
1718,631523,607618
1719,631551,606689
1720,631566,670642
1721,631584,605848
1722,631605,666324
1723,631611,605202
1724,631636,608924
1725,631688,612153
1726,631725,603195
1727,631731,600436
1728,631750,600839
1729,631766,607605
1730,631805,600011
1731,631829,602129
1732,631843,609292
1733,631910,605360
1734,631916,606689
1735,631932,600775
1736,631954,609043
1737,631974,637311
1738,632003,636066
1739,632011,609610
1740,632039,604882
1741,632044,673481
1742,632045,605000
1743,632111,608649
1744,632131,600436
1745,632185,605445
1746,632190,600712
1747,632195,605066
1748,632204,607277
1749,632240,600298
1750,632287,628167
1751,632298,605503
1752,632314,602115
1753,632333,653923
1754,632447,602179
1755,632453,600517
1756,632456,607618
1757,632473,612315
1758,632475,609241
1759,632482,606494
1760,632546,600261
1761,632560,612257
1762,632570,624330
1763,632580,602491
1764,632589,601591
1765,632612,617820
1766,632628,612613
1767,632633,605066
1768,632638,602444
1769,632652,604848
1770,632668,613821
1771,632672,636066
1772,632679,637544
1773,632693,603473
1774,632719,608131
1775,632734,600644
1776,632739,650209
1777,632815,612837
1778,632834,621886
1779,632836,602022
1780,632901,601546
1781,632913,602841
1782,632933,602156
1783,632983,616037
1784,633033,602250
1785,633036,611608
1786,633090,603961
1787,633117,603506
1788,633161,645889
1789,633170,625397
1790,633213,603473
1791,633230,600102
1792,633265,606494
1793,633285,617732
1794,633324,616071
1795,633338,625048
1796,633347,655531
1797,633351,601649
1798,633356,637116
1799,633360,600456
1800,633369,600072
1801,633371,600209
1802,633390,600052
1803,633430,602022
1804,633441,604998
1805,633472,601546
1806,633497,621861
1807,633503,601113
1808,633509,602340
1809,633523,610769
1810,633525,600358
1811,633536,605066
1812,633553,600011
1813,633599,614035
1814,633600,637374
1815,633629,608916
1816,633641,611608
1817,633679,656410
1818,633748,603195
1819,633773,619186
1820,633782,607843
1821,633787,600472
1822,633796,601261
1823,633813,600993
1824,633827,666738
1825,633835,602106
1826,633861,603871
1827,633870,600527
1828,633904,607843
1829,633920,601854
1830,633948,612068
1831,633957,610140
1832,633961,600527
1833,633994,610135
1834,634030,601546
1835,634046,602491
1836,634062,600665
1837,634070,600105
1838,634088,600233
1839,634092,602732
1840,634105,600338
1841,634120,605999
1842,634174,604526
1843,634182,601923
1844,634204,603473
1845,634232,604956
1846,634276,612505
1847,634296,604340
1848,634311,669213
1849,634328,602468
1850,634332,602767
1851,634342,620047
1852,634369,602210
1853,634375,605758
1854,634401,601854
1855,634410,603028
1856,634424,604204
1857,634435,601187
1858,634465,600999
1859,634481,625499
1860,634490,600251
1861,634514,602346
1862,634528,600999
1863,634540,600011
1864,634566,603140
1865,634603,604149
1866,634609,606817
1867,634611,635210
1868,634617,603501
1869,634620,632350
1870,634646,601323
1871,634664,633744
1872,634665,635728
1873,634677,603099
1874,634828,604814
1875,634832,601415
1876,634835,605758
1877,634853,642180
1878,634861,607253
1879,634888,633080
1880,634908,603506
1881,634929,610465
1882,634931,609254
1883,634957,600226
1884,634978,605503
1885,634988,600444
1886,635006,600612
1887,635033,612312
1888,635035,601546
1889,635040,605209
1890,635051,614436
1891,635094,620177
1892,635100,603519
1893,635118,600712
1894,635122,614234
1895,635138,600554
1896,635143,626925
1897,635151,671657
1898,635159,607944
1899,635163,600564
1900,635174,607541
1901,635176,606300
1902,635205,662842
1903,635219,666738
1904,635234,604360
1905,635271,607628
1906,635276,601854
1907,635299,601546
1908,635310,600818
1909,635351,607175
1910,635384,666743
1911,635396,600384
1912,635421,618501
1913,635428,601083
1914,635459,635003
1915,635460,636746
1916,635468,623513
1917,635477,617160
1918,635480,600105
1919,635487,649340
1920,635500,604814
1921,635508,605445
1922,635522,600517
1923,635540,601426
1924,635547,613295
1925,635604,609103
1926,635616,618902
1927,635639,600554
1928,635645,600444
1929,635677,600818
1930,635697,607430
1931,635703,601591
1932,635705,615269
1933,635714,600801
1934,635718,620344
1935,635736,645216
1936,635770,614100
1937,635801,600730
1938,635833,600011
1939,635845,600412
1940,635859,600993
1941,635873,602106
1942,635888,601546
1943,635891,641826
1944,635896,601958
1945,635902,610354
1946,635933,620811
1947,635935,657640
1948,635954,604183
1949,635964,602250
1950,635965,622040
1951,635975,603473
1952,635981,603871
1953,636011,600456
1954,636023,600463
1955,636046,601993
1956,636055,600612
1957,636085,628643
1958,636113,607628
1959,636130,608103
1960,636149,652143
1961,636173,600839
1962,636205,610205
1963,636218,603195
1964,636222,604457
1965,636226,600261
1966,636232,610354
1967,636246,620139
1968,636253,601643
1969,636259,601923
1970,636352,603131
1971,636363,615839
1972,636376,610321
1973,636391,604964
1974,636428,604814
1975,636443,601602
1976,636460,602444
1977,636467,641817
1978,636472,605066
1979,636485,600008
1980,636502,600712
1981,636508,600999
1982,636532,612289
1983,636538,622705
1984,636561,609137
1985,636565,644624
1986,636589,619899
1987,636602,601824
1988,636653,600444
1989,636673,600466
1990,636685,604956
1991,636727,600102
1992,636754,642118
1993,636762,600298
1994,636781,600456
1995,636789,601120
1996,636798,603785
1997,636815,602115
1998,636823,601996
1999,636825,608649
2000,636840,604964
2001,636845,600727
2002,636860,600466
2003,636868,600269
2004,636874,602227
2005,636878,600126
2006,636893,600105
2007,636896,610354
2008,636914,607064
2009,636923,604814
2010,636968,601618
2011,636974,601166
2012,636991,600538
2013,636995,605863
2014,637012,600876
2015,637022,625666
2016,637048,632894
2017,637081,611804
2018,637094,601854
2019,637104,600612
2020,637200,600839
2021,637205,601261
2022,637210,603506
2023,637237,647904
2024,637244,600727
2025,637256,600712
2026,637267,635824
2027,637273,623662
2028,637315,600052
2029,637354,606825
2030,637387,610721
2031,637392,603799
2032,637418,600436
2033,637429,600527
2034,637432,651690
2035,637454,600527
2036,637460,611896
2037,637483,610270
2038,637503,613023
2039,637523,650025
2040,637527,603756
2041,637530,604360
2042,637552,601649
2043,637574,657842
2044,637611,601323
2045,637646,602528
2046,637722,600052
2047,637730,605000
2048,637739,602444
2049,637740,600209
2050,637751,600825
2051,637759,603871
2052,637809,668912
2053,637831,600691
2054,637845,621476
2055,637857,600338
2056,637861,614100
2057,637874,619394
2058,637876,616589
2059,637889,636064
2060,637903,641573
2061,637909,601194
2062,637923,600744
2063,637945,616318
2064,637962,600008
2065,637974,654462
2066,637983,605066
2067,637999,602196
2068,638000,601261
2069,638009,604204
2070,638048,604262
2071,638090,601856
2072,638096,634656
2073,638101,601824
2074,638111,668345
2075,638128,600052
2076,638131,600818
2077,638151,605383
2078,638157,600485
2079,638172,604183
2080,638176,602584
2081,638189,616309
2082,638213,602584
2083,638234,603871
2084,638242,609605
2085,638258,604964
2086,638288,600456
2087,638293,607084
2088,638296,602346
2089,638358,616221
2090,638366,602767
2091,638390,632656
2092,638395,616956
2093,638408,600251
2094,638420,620152
2095,638458,601854
2096,638475,633705
2097,638482,605758
2098,638498,600818
2099,638504,600727
2100,638507,650900
2101,638532,600291
2102,638536,609875
2103,638541,624003
2104,638564,615957
2105,638568,601462
2106,638584,600303
2107,638595,628189
2108,638616,603506
2109,638621,603195
2110,638631,604917
2111,638665,602281
2112,638674,604763
2113,638675,655696
2114,638696,622444
2115,638738,603627
2116,638743,600993
2117,638760,602444
2118,638765,605372
2119,638772,601083
2120,638806,600538
2121,638812,601280
2122,638826,604391
2123,638838,646972
2124,638856,600744
2125,638884,603549
2126,638885,607467
2127,638896,611322
2128,638908,657813
2129,638912,670888
2130,638942,614965
2131,638953,600665
2132,638961,609103
2133,638969,613630
2134,638977,600420
2135,639021,605202
2136,639028,606516
2137,639034,606049
2138,639049,609610
2139,639065,618983
2140,639095,617000
2141,639104,600665
2142,639121,602444
2143,639141,602106
2144,639152,600358
2145,639187,603506
2146,639244,600105
2147,639259,601323
2148,639262,600444
2149,639267,605690
2150,639289,600396
2151,639303,612153
2152,639312,601628
2153,639339,655480
2154,639362,605209
2155,639397,600665
2156,639443,600463
2157,639463,600730
2158,639470,600727
2159,639485,600011
2160,639521,606817
2161,639526,628596
2162,639586,600727
2163,639591,603245
2164,639621,610769
2165,639648,600891
2166,639657,601546
2167,639663,604419
2168,639709,610302
2169,639716,612899
2170,639739,601047
2171,639753,614394
2172,639757,635632
2173,639767,601824
2174,639774,605553
2175,639792,600744
2176,639800,604814
2177,639817,659337
2178,639820,633907
2179,639838,601894
2180,639840,608103
2181,639853,602795
2182,639861,602250
2183,639867,638169
2184,639883,626006
2185,639886,600279
2186,639912,600472
2187,639915,657593
2188,639929,600052
2189,639964,601824
2190,640000,600456
2191,640035,610433
2192,640040,601083
2193,640046,600358
2194,640060,617021
2195,640077,600712
2196,640135,603286
2197,640142,600554
2198,640153,601493
2199,640162,600712
2200,640234,637475
2201,640246,601602
2202,640256,600982
2203,640329,600102
2204,640336,600715
2205,640343,602373
2206,640348,601970
2207,640350,602022
2208,640367,605209
2209,640392,611322
2210,640398,600527
2211,640422,601923
2212,640445,600102
2213,640456,600102
2214,640463,604644
2215,640469,627788
2216,640489,607253
2217,640492,632809
2218,640506,600072
2219,640512,612068
2220,640529,605066
2221,640541,603871
2222,640581,602444
2223,640589,601297
2224,640592,600644
2225,640613,601194
2226,640640,600008
2227,640679,600527
2228,640693,606516
2229,640699,600720
2230,640706,607175
2231,640747,602512
2232,640760,639384
2233,640811,600444
2234,640820,603998
2235,640841,602841
2236,640864,601083
2237,640872,626335
2238,640889,605360
2239,640893,602088
2240,640909,600420
2241,640921,620147
2242,640937,603245
2243,640975,618983
2244,641030,605758
2245,641046,646975
2246,641070,600825
2247,641088,602022
2248,641096,600715
2249,641126,615422
2250,641142,600644
2251,641152,605360
2252,641161,602983
2253,641165,620152
2254,641174,601854
2255,641195,611357
2256,641229,607430
2257,641231,607618
2258,641242,605848
2259,641248,655346
2260,641253,600269
2261,641264,603473
2262,641273,602112
2263,641275,605458
2264,641284,610755
2265,641316,620177
2266,641340,602346
2267,641350,600982
2268,641367,603871
2269,641409,601864
2270,641419,604149
2271,641424,602800
2272,641425,608264
2273,641470,602106
2274,641485,619470
2275,641509,610433
2276,641526,605057
2277,641541,601900
2278,641552,602022
2279,641591,604763
2280,641628,601116
2281,641638,666854
2282,641672,600495
2283,641709,616473
2284,641755,604814
2285,641767,610495
2286,641779,600338
2287,641782,608099
2288,641813,600511
2289,641831,611071
2290,641873,610140
2291,641878,600436
2292,641881,607512
2293,641928,604687
2294,641932,600472
2295,641955,618098
2296,641993,602106
2297,642001,603961
2298,642017,603357
2299,642020,604814
2300,642029,641725
2301,642030,600072
2302,642058,658535
2303,642060,632558
2304,642065,607628
2305,642103,650119
2306,642107,620380
2307,642121,601802
2308,642130,622881
2309,642155,642180
2310,642164,605999
2311,642167,602179
2312,642178,603033
2313,642203,600115
2314,642232,667735
2315,642239,624969
2316,642256,601970
2317,642275,645169
2318,642282,642843
2319,642298,617751
2320,642302,641020
2321,642327,600712
2322,642354,602250
2323,642366,600744
2324,642371,600712
2325,642398,611322
2326,642402,604814
2327,642405,600555
2328,642443,648752
2329,642470,603195
2330,642500,602008
2331,642510,612941
2332,642521,612062
2333,642527,601083
2334,642531,600081
2335,642539,601493
2336,642583,604814
2337,642614,608190
2338,642622,632862
2339,642636,671402
2340,642654,600495
2341,642669,601032
2342,642693,601546
2343,642713,605646
2344,642781,602227
2345,642790,600052
2346,642810,600825
2347,642816,601653
2348,642831,600008
2349,642855,607843
2350,642864,602358
2351,642869,600975
2352,642875,603506
2353,642910,604002
2354,642925,600338
2355,642931,600775
2356,642946,600866
2357,642976,600303
2358,642982,600261
2359,643018,605057
2360,643058,602346
2361,643073,602584
2362,643085,656902
2363,643099,642434
2364,643107,600072
2365,643125,647279
2366,643148,629960
2367,643169,604457
2368,643181,607899
2369,643189,600261
2370,643210,614034
2371,643215,600420
2372,643221,600011
2373,643235,616660
2374,643241,600011
2375,643262,601083
2376,643275,600975
2377,643284,605999
2378,643290,603212
2379,643322,600564
2380,643337,610354
2381,643342,631621
2382,643354,654384
2383,643357,603799
2384,643377,602517
2385,643392,605539
2386,643400,653869
2387,643431,604360
2388,643464,603961
2389,643470,600081
2390,643493,638331
2391,643515,603000
2392,643562,612068
2393,643602,611907
2394,643606,601923
2395,643625,600358
2396,643639,611804
2397,643647,654423
2398,643664,605066
2399,643694,603707
2400,643705,602841
2401,643714,604814
2402,643744,601323
2403,643794,602732
2404,643824,617171
2405,643833,600102
2406,643848,600209
2407,643864,606461
2408,643929,603473
2409,643952,601569
2410,643965,604340
2411,644011,601943
2412,644038,602584
2413,644040,613564
2414,644060,600251
2415,644073,600105
2416,644085,667287
2417,644092,606461
2418,644116,600358
2419,644125,600527
2420,644153,653923
2421,644155,600351
2422,644175,640712
2423,644182,612461
2424,644201,657912
2425,644210,600351
2426,644239,600209
2427,644242,607628
2428,644249,601569
2429,644253,666764
2430,644258,609035
2431,644274,600102
2432,644278,617732
2433,644294,649645
2434,644335,620098
2435,644340,603473
2436,644351,605066
2437,644383,604608
2438,644440,600444
2439,644474,604021
2440,644518,600466
2441,644564,606028
2442,644589,600527
2443,644593,642902
2444,644597,601824
2445,644601,600303
2446,644643,633480
2447,644696,632026
2448,644724,649958
2449,644744,600712
2450,644761,602444
2451,644771,600011
2452,644791,601835
2453,644801,603669
2454,644810,658785
2455,644848,600420
2456,644880,603519
2457,644892,600744
2458,644914,623659
2459,644933,600658
2460,644940,611306
2461,644945,600303
2462,644953,659819
2463,644988,611384
2464,644993,600555
2465,645007,601431
2466,645019,606976
2467,645036,614402
2468,645123,605066
2469,645156,603703
2470,645228,637262
2471,645230,601047
2472,645293,623297
2473,645299,605556
2474,645300,601162
2475,645311,600011
2476,645326,610591
2477,645331,601854
2478,645335,603140
2479,645356,600188
2480,645365,619099
2481,645393,602444
2482,645454,606177
2483,645495,600291
2484,645523,600517
2485,645527,601323
2486,645563,630175
2487,645565,600818
2488,645590,605066
2489,645625,622991
2490,645647,650960
2491,645663,600644
2492,645673,601854
2493,645678,601194
2494,645682,612043
2495,645695,601824
2496,645700,603747
2497,645708,602767
2498,645717,600985
2499,645723,605940
2500,645726,601011
2501,645741,601475
2502,645768,600612
2503,645849,601187
2504,645853,603033
2505,645875,610270
2506,645891,642902
2507,645900,604194
2508,645956,601323
2509,645976,600126
2510,645984,603812
2511,646023,601083
2512,646028,619186
2513,646030,601032
2514,646063,653790
2515,646080,602767
2516,646099,601923
2517,646105,607628
2518,646123,601996
2519,646138,602430
2520,646143,604956
2521,646164,602106
2522,646185,637817
2523,646240,604232
2524,646278,600261
2525,646287,600011
2526,646291,657593
2527,646311,616554
2528,646324,640176
2529,646369,638201
2530,646371,667287
2531,646431,601353
2532,646459,631745
2533,646469,602841
2534,646472,654939
2535,646525,600517
2536,646534,600226
2537,646537,644507
2538,646556,602444
2539,646569,608916
2540,646573,600456
2541,646593,600285
2542,646629,600105
2543,646670,600338
2544,646678,616718
2545,646692,643941
2546,646700,605057
2547,646706,604419
2548,646716,628781
2549,646721,600665
2550,646751,654220
2551,646768,617581
2552,646776,603790
2553,646813,600999
2554,646826,624003
2555,646836,601546
2556,646849,623659
2557,646855,618987
2558,646863,601194
2559,646869,600612
2560,646879,609610
2561,646880,600456
2562,646893,603519
2563,646925,600291
2564,646955,601591
2565,647009,612640
2566,647012,601824
2567,647030,661093
2568,647043,600495
2569,647079,671910
2570,647084,626490
2571,647096,600011
2572,647103,600818
2573,647106,602574
2574,647114,604457
2575,647123,666743
2576,647126,602053
2577,647142,623894
2578,647146,614870
2579,647154,600407
2580,647160,601854
2581,647204,601854
2582,647223,663751
2583,647248,644557
2584,647252,602444
2585,647343,604108
2586,647347,600818
2587,647355,642349
2588,647397,601867
2589,647413,600908
2590,647467,602250
2591,647480,602430
2592,647513,605066
2593,647544,600242
2594,647563,616633
2595,647575,665047
2596,647586,602227
2597,647594,600993
2598,647608,621346
2599,647616,603961
2600,647620,629581
2601,647664,627276
2602,647666,600608
2603,647679,601854
2604,647704,630282
2605,647717,600072
2606,647724,600081
2607,647730,601297
2608,647763,651066
2609,647789,602346
2610,647794,600527
2611,647804,600321
2612,647809,600463
2613,647824,600102
2614,647827,601649
2615,647852,649395
2616,647860,617021
2617,647896,620566
2618,647909,613341
2619,647914,600472
2620,647931,617581
2621,648000,624912
2622,648012,600801
2623,648049,602022
2624,648100,600102
2625,648124,623158
2626,648126,618098
2627,648130,600712
2628,648135,605066
2629,648144,603099
2630,648159,602340
2631,648170,646975
2632,648186,641725
2633,648212,602250
2634,648220,601824
2635,648241,600712
2636,648254,600456
2637,648259,600665
2638,648262,602088
2639,648269,600420
2640,648276,605758
2641,648295,600008
2642,648313,606088
2643,648321,605383
2644,648347,610270
2645,648352,606524
2646,648360,633318
2647,648379,609610
2648,648387,605209
2649,648390,617105
2650,648402,601867
2651,648408,609241
2652,648411,665440
2653,648421,602088
2654,648444,603506
2655,648449,611373
2656,648456,614255
2657,648475,600226
2658,648569,613958
2659,648594,602994
2660,648603,611854
2661,648627,602444
2662,648639,614394
2663,648656,603104
2664,648697,655346
2665,648707,611558
2666,648756,606049
2667,648782,601310
2668,648888,607430
2669,648899,620647
2670,648913,601458
2671,648925,600612
2672,648944,656779
2673,648968,600456
2674,648977,600999
2675,648980,600637
2676,648988,603033
2677,648993,601618
2678,649014,616473
2679,649021,608916
2680,649026,612505
2681,649050,605503
2682,649056,600727
2683,649082,601900
2684,649090,631920
2685,649103,601338
2686,649108,608103
2687,649160,627805
2688,649172,600993
2689,649177,640200
2690,649181,605066
2691,649194,624211
2692,649248,600298
2693,649250,618902
2694,649283,600517
2695,649285,603695
2696,649291,606934
2697,649322,620286
2698,649328,602022
2699,649331,645316
2700,649335,636414
2701,649347,641826
2702,649350,669291
2703,649357,601261
2704,649392,600011
2705,649405,654462
2706,649412,601297
2707,649435,601323
2708,649443,602106
2709,649469,614652
2710,649475,603506
2711,649536,601323
2712,649543,606155
2713,649546,608075
2714,649553,607384
2715,649560,601047
2716,649593,600182
2717,649611,605758
2718,649626,600472
2719,649643,600866
2720,649654,600420
2721,649658,600463
2722,649661,603961
2723,649666,602196
2724,649723,610604
2725,649734,603501
2726,649745,606737
2727,649754,610755
2728,649759,600102
2729,649768,620380
2730,649771,607814
2731,649777,604848
2732,649784,601044
2733,649785,618983
2734,649821,600011
2735,649844,614402
2736,649848,600011
2737,649852,605066
2738,649865,626571
2739,649880,606186
2740,649885,605202
2741,649928,600517
2742,649934,610610
2743,649954,600242
2744,649967,607486
2745,649975,605163
2746,649987,614402
2747,650016,600495
2748,650077,617447
2749,650096,600975
2750,650121,610354
2751,650125,670590
2752,650160,601083
2753,650174,600999
2754,650200,600712
2755,650212,602444
2756,650223,603033
2757,650233,625116
2758,650245,674706
2759,650254,625672
2760,650259,600923
2761,650275,600527
2762,650294,605202
2763,650295,600444
2764,650307,619738
2765,650317,600864
2766,650323,603173
2767,650364,621973
2768,650371,602106
2769,650381,617166
2770,650412,607175
2771,650419,601569
2772,650434,600543
2773,650438,603961
2774,650468,608075
2775,650494,602767
2776,650507,635924
2777,650517,627555
2778,650523,606300
2779,650548,612465
2780,650552,600420
2781,650657,608916
2782,650688,618640
2783,650693,650385
2784,650700,618712
2785,650705,601923
2786,650735,600866
2787,650746,600126
2788,650756,607367
2789,650790,603506
2790,650802,601856
2791,650812,600338
2792,650820,603389
2793,650827,611854
2794,650832,600279
2795,650837,633705
2796,650845,600586
2797,650851,628357
2798,650863,668046
2799,650874,610524
2800,650920,602956
2801,650951,600839
2802,650985,608852
2803,651015,600072
2804,651044,600011
2805,651081,660992
2806,651091,601083
2807,651105,605076
2808,651125,600303
2809,651133,671200
2810,651141,600712
2811,651185,601383
2812,651206,621476
2813,651213,621500
2814,651227,602584
2815,651234,600139
2816,651249,600472
2817,651257,605556
2818,651267,600948
2819,651299,621476
2820,651321,612153
2821,651328,614288
2822,651333,612057
2823,651369,631373
2824,651384,601047
2825,651388,600712
2826,651401,608762
2827,651432,601270
2828,651445,614161
2829,651454,613275
2830,651465,604002
2831,651479,608065
2832,651501,600008
2833,651517,606461
2834,651547,600612
2835,651573,617021
2836,651632,605066
2837,651637,601894
2838,651663,601653
2839,651676,602444
2840,651769,604956
2841,651772,640624
2842,651778,609931
2843,651783,648031
2844,651787,630559
2845,651792,604002
2846,651797,600291
2847,651801,600081
2848,651832,609043
2849,651852,603473
2850,651858,611306
2851,651884,624947
2852,651916,601011
2853,651935,602535
2854,651940,653923
2855,651947,628969
2856,651953,600209
2857,651959,612505
2858,651966,604183
2859,652006,600114
2860,652012,600436
2861,652022,606737
2862,652027,601824
2863,652033,600081
2864,652035,609035
2865,652049,611804
2866,652058,600052
2867,652072,654062
2868,652102,605539
2869,652128,616718
2870,652138,607618
2871,652177,614035
2872,652184,605503
2873,652188,672300
2874,652191,614682
2875,652209,608523
2876,652246,604232
2877,652262,601194
2878,652283,603245
2879,652320,618983
2880,652363,600644
2881,652378,658776
2882,652391,600517
2883,652401,608213
2884,652444,600338
2885,652454,608103
2886,652455,604933
2887,652499,666743
2888,652511,654358
2889,652533,606524
2890,652535,608240
2891,652559,626571
2892,652560,658618
2893,652579,603033
2894,652588,600665
2895,652624,660907
2896,652656,611608
2897,652670,600534
2898,652695,600126
2899,652705,633821
2900,652717,645263
2901,652724,671626
2902,652781,640084
2903,652802,601546
2904,652838,600637
2905,652856,609957
2906,652867,600008
2907,652883,603179
2908,652894,600420
2909,652926,613330
2910,652932,629317
2911,652938,605690
2912,652952,613060
2913,653032,603173
2914,653046,637941
2915,653073,617021
2916,653087,602512
2917,653099,619364
2918,653108,619664
2919,653125,652603
2920,653130,610026
2921,653192,621750
2922,653201,604591
2923,653251,617160
2924,653322,604610
2925,653334,615677
2926,653374,671626
2927,653379,602346
2928,653385,600665
2929,653408,601166
2930,653435,650900
2931,653443,611322
2932,653472,600291
2933,653480,602820
2934,653496,641817
2935,653516,637977
2936,653520,602528
2937,653559,600712
2938,653574,608924
2939,653577,600251
2940,653591,600407
2941,653614,600456
2942,653617,637168
2943,653623,605431
2944,653627,624912
2945,653633,602106
2946,653644,619664
2947,653673,639776
2948,653687,603410
2949,653695,630476
2950,653754,600876
2951,653763,608200
2952,653775,626452
2953,653841,601011
2954,653855,650209
2955,653864,600715
2956,653876,631513
2957,653881,601649
2958,653889,603890
2959,653896,600644
2960,653909,610627
2961,653912,612312
2962,653915,600658
2963,653929,607084
2964,653943,600456
2965,653953,604457
2966,653967,601824
2967,653987,674398
2968,654000,642118
2969,654012,603747
2970,654023,600527
2971,654043,642349
2972,654047,602841
2973,654071,600242
2974,654081,601867
2975,654098,604964
2976,654107,600057
2977,654180,636066
2978,654198,600763
2979,654200,603104
2980,654264,601923
2981,654296,674544
2982,654324,600105
2983,654329,607667
2984,654347,600102
2985,654378,616140
2986,654386,600433
2987,654406,601083
2988,654465,625088
2989,654507,600072
2990,654539,627863
2991,654554,610492
2992,654569,603871
2993,654577,601166
2994,654589,600472
2995,654596,601475
2996,654601,603204
2997,654621,607084
2998,654628,603173
2999,654637,616633
3000,654643,605066
3001,654661,603703
3002,654666,600923
3003,654678,607084
3004,654695,610354
3005,654705,608357
3006,654723,660713
3007,654754,608213
3008,654804,607976
3009,654814,601047
3010,654823,601591
3011,654825,600115
3012,654833,600744
3013,654837,601854
3014,654849,642349
3015,654875,600712
3016,654882,615305
3017,654885,604853
3018,654890,601323
3019,654902,613706
3020,654933,623304
3021,654956,600338
3022,654962,602250
3023,654965,613722
3024,654982,601035
3025,655009,602878
3026,655038,600948
3027,655049,603140
3028,655066,607253
3029,655093,621861
3030,655138,616497
3031,655152,600052
3032,655177,612413
3033,655273,606155
3034,655285,600993
3035,655317,600586
3036,655331,616554
3037,655340,600658
3038,655359,600472
3039,655367,600338
3040,655376,601923
3041,655435,626490
3042,655448,621591
3043,655493,612043
3044,655529,603286
3045,655544,601116
3046,655552,602053
3047,655611,610321
3048,655623,603195
3049,655625,637544
3050,655649,615780
3051,655666,600291
3052,655670,628969
3053,655683,602300
3054,655685,606461
3055,655750,650024
3056,655761,606699
3057,655773,608916
3058,655788,601194
3059,655824,602444
3060,655843,604391
3061,655860,600102
3062,655879,602129
3063,655882,600251
3064,655910,600251
3065,655926,600985
3066,655999,620435
3067,656012,602423
3068,656040,600727
3069,656071,608190
3070,656086,606098
3071,656112,603033
3072,656122,606088
3073,656149,603195
3074,656158,634272
3075,656162,611804
3076,656171,603924
3077,656181,611647
3078,656196,607843
3079,656227,600993
3080,656256,600472
3081,656296,604801
3082,656340,600612
3083,656346,602994
3084,656356,609610
3085,656419,609043
3086,656477,605458
3087,656491,605202
3088,656524,600338
3089,656537,600444
3090,656544,653503
3091,656581,600870
3092,656638,651544
3093,656641,669338
3094,656651,602227
3095,656666,600543
3096,656682,600671
3097,656689,600436
3098,656697,653284
3099,656704,600999
3100,656705,603871
3101,656719,615269
3102,656725,600712
3103,656760,608103
3104,656783,600554
3105,656789,608649
3106,656790,600126
3107,656816,600527
3108,656820,604457
3109,656825,600444
3110,656859,609212
3111,656872,662455
3112,656885,603756
3113,656925,601810
3114,656949,609473
3115,656963,601011
3116,657007,637544
3117,657011,603730
3118,657017,615738
3119,657022,601323
3120,657036,600993
3121,657059,668345
3122,657089,615496
3123,657100,621416
3124,657144,665760
3125,657165,611357
3126,657216,601900
3127,657228,605758
3128,657301,600099
3129,657318,600495
3130,657335,601867
3131,657344,607814
3132,657363,615028
3133,657368,600839
3134,657372,643265
3135,657375,608213
3136,657380,604818
3137,657403,600102
3138,657407,608556
3139,657427,623937
3140,657450,601970
3141,657456,609103
3142,657479,600115
3143,657493,600242
3144,657496,604814
3145,657515,603473
3146,657520,608963
3147,657526,600444
3148,657539,612062
3149,657553,600818
3150,657575,603506
3151,657583,605066
3152,657596,601602
3153,657609,605260
3154,657613,601778
3155,657659,600261
3156,657675,600695
3157,657731,601323
3158,657742,607909
3159,657763,646975
3160,657766,654398
3161,657789,600554
3162,657807,600061
3163,657822,608099
3164,657845,605016
3165,657850,610312
3166,657868,609043
3167,657898,622239
3168,657922,610804
3169,657932,604956
3170,657953,600456
3171,657958,600209
3172,657968,630550
3173,658003,633734
3174,658009,623937
3175,658017,601546
3176,658038,603410
3177,658053,611900
3178,658062,610433
3179,658071,601778
3180,658099,605057
3181,658123,603464
3182,658141,600057
3183,658168,656084
3184,658192,602316
3185,658220,600338
3186,658228,661054
3187,658244,600456
3188,658245,606765
3189,658260,600412
3190,658269,665193
3191,658274,624020
3192,658293,600396
3193,658297,605514
3194,658306,601635
3195,658354,600052
3196,658360,601166
3197,658379,601047
3198,658408,620666
3199,658468,600321
3200,658483,605360
3201,658495,645731
3202,658504,600407
3203,658523,603473
3204,658526,602231
3205,658562,600612
3206,658591,633705
3207,658622,663772
3208,658641,605360
3209,658672,602517
3210,658678,603506
3211,658683,634390
3212,658689,621591
3213,658710,600303
3214,658716,622459
3215,658735,600574
3216,658741,608048
3217,658746,610967
3218,658754,603506
3219,658765,609231
3220,658792,602231
3221,658805,601261
3222,658840,600008
3223,658851,600011
3224,658874,607618
3225,658893,606516
3226,658913,605066
3227,658924,626612
3228,658944,602444
3229,658946,607011
3230,658956,612413
3231,658971,642972
3232,658983,603473
3233,659015,601824
3234,659026,600226
3235,659034,645116
3236,659037,600126
3237,659076,609750
3238,659082,635003
3239,659089,600242
3240,659097,600466
3241,659110,601835
3242,659120,601546
3243,659125,601083
3244,659135,602250
3245,659162,601546
3246,659180,600444
3247,659209,600338
3248,659250,603924
3249,659267,604093
3250,659284,600105
3251,659304,626418
3252,659305,620666
3253,659328,600126
3254,659359,616517
3255,659360,619664
3256,659380,607084
3257,659392,600644
3258,659397,600876
3259,659403,602250
3260,659432,603245
3261,659464,609043
3262,659483,604057
3263,659489,619972
3264,659510,604183
3265,659516,658289
3266,659593,608200
3267,659596,607175
3268,659611,600105
3269,659633,607084
3270,659668,644139
3271,659675,602584
3272,659681,605219
3273,659690,621721
3274,659704,626910
3275,659707,642843
3276,659711,607909
3277,659729,657509
3278,659768,633705
3279,659792,602250
3280,659808,601649
3281,659830,600105
3282,659851,600744
3283,659860,628167
3284,659886,606088
3285,659943,605503
3286,659964,600338
3287,659967,602316
3288,659977,601223
3289,660020,603669
3290,660027,630282
3291,660047,609241
3292,660065,601083
3293,660099,603799
3294,660132,618156
3295,660168,601546
3296,660174,605066
3297,660182,600517
3298,660197,625088
3299,660220,642180
3300,660241,613958
3301,660279,600870
3302,660314,650495
3303,660320,633821
3304,660335,609845
3305,660355,600433
3306,660376,626888
3307,660387,614402
3308,660411,602906
3309,660416,602561
3310,660434,666100
3311,660442,646088
3312,660459,666256
3313,660479,601323
3314,660497,603506
3315,660508,600908
3316,660512,602088
3317,660560,619965
3318,660584,604285
3319,660587,605503
3320,660605,638169
3321,660634,602300
3322,660640,600433
3323,660670,603473
3324,660678,603627
3325,660689,604391
3326,660700,611306
3327,660731,637374
3328,660786,610312
3329,660792,649455
3330,660802,669291
3331,660822,633897
3332,660835,600102
3333,660844,600456
3334,660862,601297
3335,660881,606516
3336,660889,600527
3337,660894,600712
3338,660927,600644
3339,660942,615693
3340,660946,603173
3341,660959,607253
3342,660964,612465
3343,660980,603494
3344,661016,605391
3345,661128,600715
3346,661143,618098
3347,661147,610354
3348,661152,635288
3349,661164,630049
3350,661168,614394
3351,661177,600338
3352,661189,668555
3353,661209,600999
3354,661251,629818
3355,661258,670665
3356,661271,603556
3357,661276,610492
3358,661317,600242
3359,661329,600527
3360,661335,602250
3361,661345,600420
3362,661353,601047
3363,661358,667244
3364,661379,616918
3365,661395,637817
3366,661415,661069
3367,661447,618640
3368,661468,604998
3369,661543,617751
3370,661552,603131
3371,661564,600057
3372,661594,612941
3373,661610,600517
3374,661624,635288
3375,661681,604183
3376,661689,602723
3377,661703,603195
3378,661712,604818
3379,661731,600072
3380,661738,603799
3381,661742,600126
3382,661761,600665
3383,661775,600436
3384,661781,600730
3385,661785,668042
3386,661835,600612
3387,661858,609635
3388,661878,603871
3389,661886,600866
3390,661912,602106
3391,661932,627347
3392,661950,615067
3393,661983,602574
3394,661991,602532
3395,661997,600472
3396,662061,662536
3397,662068,647967
3398,662074,604471
3399,662103,619664
3400,662109,605503
3401,662166,604340
3402,662220,600712
3403,662234,611751
3404,662253,601560
3405,662321,601323
3406,662365,603494
3407,662381,601083
3408,662385,600744
3409,662409,604998
3410,662449,625030
3411,662464,600358
3412,662477,600102
3413,662500,600818
3414,662507,630950
3415,662518,602106
3416,662540,601923
3417,662545,600052
3418,662567,641181
3419,662587,607378
3420,662606,646214
3421,662625,610026
3422,662634,601824
3423,662644,600102
3424,662662,601083
3425,662673,604956
3426,662675,600011
3427,662688,600712
3428,662695,600456
3429,662705,602346
3430,662729,601319
3431,662737,667244
3432,662752,600472
3433,662756,600358
3434,662763,600233
3435,662784,601261
3436,662809,604608
3437,662815,654398
3438,662864,600303
3439,662871,609103
3440,662891,651361
3441,662897,602732
3442,662933,629782
3443,662936,647279
3444,662958,600105
3445,662964,600081
3446,662979,615957
3447,663005,600188
3448,663012,603848
3449,663016,647711
3450,663024,600527
3451,663028,607628
3452,663038,603961
3453,663053,602247
3454,663072,605965
3455,663086,601020
3456,663090,620106
3457,663099,613417
3458,663106,600727
3459,663129,619664
3460,663140,603871
3461,663171,602396
3462,663183,605202
3463,663211,604117
3464,663233,604591
3465,663256,600115
3466,663294,605066
3467,663298,601546
3468,663344,650943
3469,663348,611140
3470,663351,600888
3471,663401,613341
3472,663432,600543
3473,663450,657624
3474,663458,605458
3475,663469,624003
3476,663476,606354
3477,663512,619830
3478,663541,602250
3479,663553,604848
3480,663593,649835
3481,663608,607008
3482,663635,600298
3483,663709,602584
3484,663710,602767
3485,663731,600534
3486,663735,601319
3487,663757,617185
3488,663777,600665
3489,663781,611306
3490,663800,600543
3491,663824,602800
3492,663839,600105
3493,663863,600436
3494,663868,601011
3495,663874,600456
3496,663880,666126
3497,663904,600888
3498,663939,603286
3499,663961,600612
3500,663968,616076
3501,663971,600839
3502,663989,603204
3503,664012,608852
3504,664021,639965
3505,664051,606825
3506,664074,666568
3507,664090,606177
3508,664106,601426
3509,664120,610433
3510,664151,634845
3511,664159,613958
3512,664164,605730
3513,664165,628607
3514,664172,603195
3515,664180,612121
3516,664187,603553
3517,664190,604848
3518,664212,600730
3519,664234,600866
3520,664307,606806
3521,664356,600665
3522,664403,603028
3523,664413,607618
3524,664437,601194
3525,664472,601426
3526,664490,601900
3527,664495,600612
3528,664529,613958
3529,664531,604892
3530,664554,602878
3531,664567,605753
3532,664574,607618
3533,664576,610833
3534,664580,603799
3535,664587,638728
3536,664607,606825
3537,664629,617585
3538,664634,644055
3539,664644,609043
3540,664668,602196
3541,664678,648681
3542,664690,602250
3543,664703,601546
3544,664717,601011
3545,664735,652729
3546,664746,609103
3547,664756,609043
3548,664801,600534
3549,664808,624847
3550,664811,603113
3551,664834,610270
3552,664912,600182
3553,664948,632101
3554,664981,600554
3555,665003,652216
3556,665017,605066
3557,665027,601824
3558,665035,621416
3559,665054,614394
3560,665094,601323
3561,665099,610923
3562,665111,623626
3563,665139,607976
3564,665144,601261
3565,665186,631984
3566,665212,607618
3567,665229,605057
3568,665247,602820
3569,665252,600338
3570,665256,663913
3571,665269,612899
3572,665278,621578
3573,665304,666943
3574,665307,608649
3575,665317,606545
3576,665324,611751
3577,665370,667910
3578,665402,630559
3579,665451,633389
3580,665473,610610
3581,665494,600999
3582,665512,600396
3583,665516,603703
3584,665540,651483
3585,665561,625983
3586,665565,607026
3587,665592,601778
3588,665605,602115
3589,665614,601226
3590,665651,600226
3591,665679,663772
3592,665684,602179
3593,665701,623577
3594,665717,600102
3595,665728,603195
3596,665742,617602
3597,665767,604183
3598,665774,628622
3599,665791,624767
3600,665806,605202
3601,665854,621476
3602,665866,600011
3603,665884,602444
3604,665900,656334
3605,665905,600727
3606,665925,600712
3607,665972,600744
3608,665976,601297
3609,665984,606516
3610,665998,619830
3611,666008,601824
3612,666034,601883
3613,666049,643265
3614,666080,600744
3615,666117,637220
3616,666205,603473
3617,666219,602767
3618,666224,600242
3619,666229,601923
3620,666238,600839
3621,666249,600671
3622,666281,614402
3623,666315,600102
3624,666342,620892
3625,666361,603812
3626,666383,612062
3627,666387,600105
3628,666394,648770
3629,666436,632789
3630,666456,603730
3631,666469,600052
3632,666483,604853
3633,666497,601569
3634,666511,611322
3635,666518,644583
3636,666520,646156
3637,666535,600709
3638,666543,618728
3639,666570,601431
3640,666592,603245
3641,666610,634431
3642,666617,602008
3643,666641,631621
3644,666648,602767
3645,666674,601020
3646,666675,652386
3647,666681,601323
3648,666694,639956
3649,666696,602193
3650,666708,602561
3651,666727,600564
3652,666733,604457
3653,666750,609103
3654,666790,643484
3655,666821,621984
3656,666825,600126
3657,666859,603140
3658,666866,600072
3659,666882,611949
3660,666890,618858
3661,666901,652750
3662,666906,607843
3663,666927,602022
3664,666945,601431
3665,666960,605383
3666,666968,645456
3667,666988,622216
3668,666993,600072
3669,667004,600985
3670,667006,601923
3671,667012,607618
3672,667021,605209
3673,667030,600011
3674,667046,614463
3675,667079,651650
3676,667091,600999
3677,667128,601180
3678,667145,601083
3679,667153,602106
3680,667169,604018
3681,667201,609610
3682,667262,600658
3683,667266,602106
3684,667279,600126
3685,667340,601338
3686,667347,605391
3687,667367,600612
3688,667390,600052
3689,667408,629529
3690,667430,603473
3691,667462,623577
3692,667489,601900
3693,667513,600008
3694,667515,602820
3695,667526,605076
3696,667549,620040
3697,667552,614870
3698,667578,600105
3699,667580,617585
3700,667618,600888
3701,667661,666126
3702,667716,672139
3703,667804,600072
3704,667832,642972
3705,667837,617478
3706,667846,632341
3707,667850,601569
3708,667881,600008
3709,667892,603204
3710,667924,630626
3711,667925,606417
3712,667936,600175
3713,667946,600226
3714,667967,612482
3715,667975,600712
3716,668006,605066
3717,668025,602022
3718,668034,600242
3719,668085,604935
3720,668091,608099
3721,668109,600818
3722,668117,604814
3723,668188,600011
3724,668193,600712
3725,668241,603113
3726,668252,644220
3727,668265,612882
3728,668272,600527
3729,668282,613023
3730,668285,625387
3731,668292,601923
3732,668335,600554
3733,668357,625083
3734,668366,621721
3735,668374,600011
3736,668389,618501
3737,668400,610140
3738,668413,609534
3739,668422,600011
3740,668433,650209
3741,668440,632063
3742,668488,614436
3743,668522,601900
3744,668532,633427
3745,668537,609610
3746,668560,600126
3747,668573,615088
3748,668584,610057
3749,668592,603473
3750,668612,601194
3751,668619,604608
3752,668628,604814
3753,668645,623757
3754,668650,600052
3755,668686,654358
3756,668711,610270
3757,668749,600011
3758,668757,626601
3759,668796,601569
3760,668807,605965
3761,668810,600999
3762,668827,604391
3763,668859,611441
3764,668884,655696
3765,668908,604391
3766,668929,622202
3767,668946,601591
3768,668959,600072
3769,668960,604183
3770,668965,603871
3771,669013,600105
3772,669023,601032
3773,669030,617447
3774,669045,600547
3775,669055,600102
3776,669064,601854
3777,669065,605758
3778,669085,600102
3779,669146,616517
3780,669170,601194
3781,669177,636333
3782,669184,600011
3783,669185,602800
3784,669208,601323
3785,669228,653869
3786,669243,602906
3787,669247,626452
3788,669261,600257
3789,669270,602250
3790,669277,602250
3791,669289,600444
3792,669298,604814
3793,669408,622143
3794,669414,600948
3795,669428,602250
3796,669440,607618
3797,669445,616918
3798,669485,605066
3799,669492,612374
3800,669495,603703
3801,669503,600456
3802,669510,601297
3803,669523,620463
3804,669537,600818
3805,669556,605553
3806,669618,606825
3807,669621,613473
3808,669626,602444
3809,669635,611322
3810,669654,600456
3811,669655,605758
3812,669716,662839
3813,669733,618163
3814,669735,608916
3815,669742,600527
3816,669745,630111
3817,669760,600420
3818,669775,601187
3819,669805,642848
3820,669811,601083
3821,669856,658936
3822,669871,605320
3823,669900,600011
3824,669930,600527
3825,669940,600818
3826,669974,600269
3827,669980,601323
3828,669987,603204
3829,669990,622459
3830,669998,635746
3831,670021,601559
3832,670028,602300
3833,670031,617732
3834,670039,624529
3835,670044,608264
3836,670046,600226
3837,670056,600279
3838,670066,666996
3839,670073,609035
3840,670090,600712
3841,670108,600839
3842,670127,610964
3843,670133,601635
3844,670165,652143
3845,670185,629626
3846,670194,604457
3847,670265,600358
3848,670273,612289
3849,670296,601083
3850,670309,602373
3851,670312,603506
3852,670323,601653
3853,670336,666581
3854,670342,604733
3855,670357,657818
3856,670370,620842
3857,670375,608649
3858,670390,600456
3859,670406,636064
3860,670418,609534
3861,670434,605458
3862,670442,621861
3863,670454,643595
3864,670462,600612
3865,670479,603506
3866,670500,608880
3867,670511,602250
3868,670522,600444
3869,670545,618535
3870,670550,607976
3871,670557,600517
3872,670576,602956
3873,670587,627497
3874,670595,604285
3875,670608,624979
3876,670615,605066
3877,670656,603245
3878,670671,604814
3879,670689,635288
3880,670782,600574
3881,670792,631920
3882,670798,673857
3883,670801,604340
3884,670808,605163
3885,670842,600527
3886,670845,607667
3887,670872,600338
3888,670892,604391
3889,670949,600612
3890,670959,607976
3891,670960,605458
3892,670975,600102
3893,670982,613666
3894,671028,600456
3895,671032,603131
3896,671039,604471
3897,671046,652143
3898,671050,641601
3899,671060,600358
3900,671069,600444
3901,671078,604763
3902,671081,605553
3903,671099,613958
3904,671105,609103
3905,671114,600612
3906,671116,609043
3907,671134,616076
3908,671148,610264
3909,671171,649275
3910,671181,602561
3911,671188,606657
3912,671195,602358
3913,671227,605391
3914,671247,603556
3915,671271,628189
3916,671301,601864
3917,671320,645414
3918,671331,601546
3919,671335,648918
3920,671341,617392
3921,671407,601923
3922,671414,603871
3923,671420,600444
3924,671447,630161
3925,671465,602106
3926,671474,603501
3927,671488,610964
3928,671509,658399
3929,671533,627174
3930,671539,603245
3931,671541,613958
3932,671552,600727
3933,671569,612057
3934,671575,603785
3935,671600,651555
3936,671605,601923
3937,671612,600102
3938,671620,600866
3939,671670,602250
3940,671678,602906
3941,671714,605690
3942,671716,601854
3943,671722,601970
3944,671731,603473
3945,671739,604471
3946,671756,641371
3947,671771,600644
3948,671798,621750
3949,671810,600612
3950,671826,618428
3951,671837,600527
3952,671843,604149
3953,671849,625872
3954,671880,601569
3955,671951,662839
3956,671976,603506
3957,671989,601083
3958,672073,602444
3959,672084,604892
3960,672110,600744
3961,672120,605383
3962,672134,603519
3963,672148,602767
3964,672161,600011
3965,672168,623641
3966,672171,665440
3967,672195,604232
3968,672209,603245
3969,672225,601824
3970,672238,602423
3971,672254,613004
3972,672274,605503
3973,672293,602444
3974,672310,600999
3975,672346,601867
3976,672394,602106
3977,672395,605758
3978,672415,610591
3979,672430,600554
3980,672444,600466
3981,672462,617138
3982,672465,605556
3983,672484,623913
3984,672492,606300
3985,672501,600839
3986,672521,600534
3987,672536,602088
3988,672570,618357
3989,672576,604998
3990,672586,600999
3991,672591,600102
3992,672596,607425
3993,672640,607864
3994,672665,604853
3995,672685,605503
3996,672711,606129
3997,672729,600139
3998,672757,603506
3999,672763,600456
4000,672794,610140
4001,672892,600303
4002,672903,604882
4003,672914,600644
4004,672933,618397
4005,672947,600665
4006,672958,602106
4007,673014,600115
4008,673043,603875
4009,673045,620623
4010,673054,602481
4011,673055,629560
4012,673093,600993
4013,673098,619698
4014,673114,600456
4015,673116,600436
4016,673124,600011
4017,673154,602250
4018,673157,608844
4019,673163,601166
4020,673176,619481
4021,673180,616656
4022,673207,612274
4023,673241,600072
4024,673254,604853
4025,673267,612343
4026,673274,605556
4027,673278,634656
4028,673283,602820
4029,673289,622389
4030,673295,602430
4031,673307,601047
4032,673321,625397
4033,673344,603204
4034,673440,601083
4035,673487,603113
4036,673498,610721
4037,673517,619394
4038,673528,601900
4039,673543,616037
4040,673554,600644
4041,673562,600839
4042,673568,603871
4043,673570,623937
4044,673605,605458
4045,673623,603627
4046,673626,618983
4047,673630,657752
4048,673639,600008
4049,673658,600011
4050,673687,601584
4051,673709,673791
4052,673721,603473
4053,673745,602430
4054,673755,615530
4055,673773,661546
4056,673775,615466
4057,673780,606657
4058,673820,601424
4059,673842,612121
4060,673868,606732
4061,673872,647566
4062,673884,662417
4063,673889,605458
4064,673948,660381
4065,673953,643488
4066,673962,601824
4067,673971,603473
4068,673984,600384
4069,673987,621619
4070,674000,607438
4071,674008,662513
4072,674026,620632
4073,674031,665863
4074,674040,600209
4075,674058,600126
4076,674088,614146
4077,674092,603245
4078,674095,614402
4079,674102,609043
4080,674119,641762
4081,674128,600188
4082,674167,602063
4083,674194,607430
4084,674226,606516
4085,674295,601280
4086,674314,664284
4087,674315,668555
4088,674322,612312
4089,674333,613050
4090,674427,606088
4091,674430,603131
4092,674447,600303
4093,674469,605066
4094,674507,600102
4095,674520,603799
4096,674525,601375
4097,674578,602430
4098,674591,608388
4099,674601,600444
4100,674612,602346
4101,674621,623937
4102,674626,623894
4103,674637,600818
4104,674641,602063
4105,674666,605556
4106,674675,608122
4107,674702,601323
4108,674712,630208
4109,674733,617527
4110,674755,614263
4111,674797,632918
4112,674800,642349
4113,674816,601083
4114,674846,619841
4115,674884,610610
4116,674917,607384
4117,674924,656352
4118,674931,603473
4119,674942,600637
4120,674964,602106
4121,674992,600948
4122,674999,630934
