id,Zomato_user_rating
12415,3.727
20173,4.513
20304,4.1692
5423,4.033
30042,4.0914
19632,3.1954
26317,0
219,3.778
17691,4.5188
11798,3.0226
7503,3.6574
6899,3.09
28475,4.5216
10579,3.071
5597,4.116
31923,4.078
7280,4.2034
14531,3.8322
1198,4.1162
17738,4.2328
6559,2.973
27231,3.0184
13712,4.1018
21086,4.0456
10765,3.849
17687,4.5254
18072,3.7928
25102,4.2178
13769,3.7526
31392,3.706
9270,4.199
28676,3.5394
30154,3.1252
7443,3.7546
25837,3.6872
7382,3.7846
29167,3.7906
12677,4.128
21172,3.764
15351,0
13073,4.2324
21691,3.6742
19658,0
15703,0
30133,3.2722
14078,4.1366
5633,3.6614
25130,3.8264
16450,0
13586,4.1104
25307,2.9042
14204,4.0498
15723,0
16796,0
26944,3.7322
29981,3.7078
4029,4.1272
10390,4.0712
5719,3.5594
4867,3.788
13425,4.153
2944,3.7498
13305,3.141
26053,3.2712
15075,3.7604
10593,3.2174
20908,4.0986
16119,3.1816
22188,0
24355,3.846
26857,3.5894
8842,4.2844
29691,4.106
17180,3.7402
9193,4.1578
9976,3.8166
9597,0
31837,3.7594
19171,4.0844
16641,0
17201,3.1028
18496,4.0682
18896,3.7546
21028,4.1384
25927,4.5256
6851,3.7026
3138,3.6408
20241,3.262
22629,0
22712,0
20457,4.158
794,4.078
16637,3.1802
18653,3.2544
11459,0
16619,0
18521,4.5266
9155,4.5272
22277,0
18020,4.1998
23183,0
1610,3.1486
17871,0
25760,0
283,4.0988
16621,4.0962
17769,4.2224
13747,3.7742
6194,3.7082
9211,4.061
10618,3.3476
578,3.0654
26022,4.0284
6683,3.0432
16113,3.1042
23839,4.2306
26776,4.239
1506,3.6406
28629,3.0536
31898,0
26518,0
28409,4.5296
26945,3.6794
15059,0
661,3.5346
19157,0
3226,3.0512
14112,4.1844
16210,0
26826,3.697
5991,3.614
28193,0
31798,2.9308
21287,3.637
26708,3.2882
16237,4.0586
7238,3.1102
1548,3.0954
29631,4.3148
7305,3.8076
20953,4.5308
18770,3.6026
24146,4.2262
29633,4.318
17684,4.5312
21321,3.0914
8287,3.6246
14633,3.69
28086,0
21346,4.1394
212,4.0554
15838,0
18852,3.8114
4653,4.5344
7716,0
25195,4.1154
21416,4.2124
4365,4.1498
18442,4.537
9325,4.2004
28961,0
20928,4.0656
20303,4.2024
15801,0
22354,0
26819,4.0898
8512,0
1328,3.564
20960,3.8324
22606,0
8940,3.7804
9061,4.2778
25107,2.8948
4402,3.747
7740,3.2414
15543,0
15180,3.7202
22161,3.1596
4914,4.5398
17730,4.1886
22433,3.141
27011,4.0492
16570,0
12601,3.1754
9633,4.5402
21734,3.2866
9656,4.5408
444,3.0146
28552,0
951,3.7568
25131,4.16
29239,3.7126
10133,2.8898
20778,3.7788
21182,4.0858
17069,0
20193,4.5414
19328,3.7368
11975,3.2252
25802,0
28560,4.5436
24644,3.8432
29751,3.0064
11157,3.7892
27685,3.7898
17035,3.2286
21574,2.8928
28032,3.5966
8923,3.8546
21980,3.1992
15544,0
10723,4.1058
11168,3.7714
15947,3.2078
15637,0
14752,0
19002,4.5444
5516,3.7596
1540,3.1702
15684,3.2326
5601,4.151
15885,3.701
28375,0
7772,3.0332
31677,0
15468,0
5955,3.6592
22905,0
15222,3.7484
8399,0
18292,2.8262
252,0
13163,4.161
26087,0
20449,3.8572
30032,4.1316
16321,4.1146
13740,4.271
6481,3.8514
27660,3.7828
6360,3.1406
4532,4.2728
25907,3.6324
8591,4.254
6184,3.7602
6538,3.1912
4747,2.8926
5824,3.72
7941,4.2102
31119,3.7972
28444,4.2202
19371,3.1208
23946,0
3748,4.1506
22197,0
6757,4.1552
21606,3.193
25345,4.2336
4953,4.1586
25393,3.8554
4063,3.6378
16565,3.6798
6420,3.126
26692,3.2742
30948,3.6052
11640,3.5632
13207,3.784
5032,4.0558
24690,3.6364
2212,3.698
21941,3.821
19148,0
9697,3.7704
23635,3.0898
21223,4.5456
26272,3.6168
3502,3.6688
30556,3.7864
20203,4.1692
15090,3.7564
7870,0
13160,4.2422
14861,3.6888
18327,4.5468
29528,0
9781,2.272
11146,4.2656
25535,0
21070,3.8396
2089,3.0414
7737,3.5832
28408,4.1836
13680,3.7742
16391,0
13982,3.8038
3631,4.5486
20149,4.1972
26532,3.258
19440,0
23260,0
15237,0
25123,4.2434
3282,3.1724
3676,3.1138
25028,3.5708
30986,3.7596
4249,3.6878
22587,3.7754
7264,4.2342
2387,3.7308
11502,0
29975,3.5964
17303,3.0308
7268,4.2112
22870,0
20321,3.8404
5922,3.688
27494,2.9856
9470,3.798
8212,3.7406
24845,2.7346
15983,3.1206
24210,4.5486
8164,3.7754
8273,3.718
1963,3.1732
5390,3.6764
24449,3.5942
551,3.6526
18155,4.2152
22981,0
8912,2.6206
5275,3.159
24209,4.077
26596,0
25995,3.2622
24922,3.8384
9605,0
27319,3.8194
13938,3.212
6040,4.0574
2994,4.142
25482,3.2964
7099,3.7026
6934,0
27521,4.1464
8751,3.8124
13990,3.6838
29727,3.1678
12995,3.7514
1306,3.7052
9654,4.138
30572,4.037
9910,4.5516
24015,4.5518
10451,3.188
13377,3.6718
27001,3.7394
21909,3.789
13665,3.7328
18262,3.7048
22469,4.111
3774,3.6958
6109,3.6836
9963,4.137
24376,4.552
28587,3.5804
11035,4.5522
2304,3.6794
4855,3.8016
1154,3.6722
19225,2.2872
3305,3.6562
3141,0
14341,2.8202
26885,3.173
13792,3.7672
26886,3.2086
29947,4.0976
29317,3.551
29415,4.1994
2468,4.1424
9724,4.1418
3362,3.6918
6840,3.6306
15398,0
21847,3.1112
16434,0
24740,4.249
10405,3.7908
4246,3.6358
17831,3.2784
17862,0
27902,3.2182
7956,4.1304
7788,0
26733,0
5811,3.7466
10622,0
12401,3.7546
21224,3.8498
4376,4.1622
21865,0
21389,0
18790,0
29655,4.1592
14239,4.1052
780,3.7768
3752,3.773
23023,0
5539,4.116
5796,3.7262
7591,3.8108
24768,4.1456
22033,4.5534
20326,3.7878
28114,0
13755,4.1868
27035,3.7632
22957,0
23669,3.5824
16367,0
30193,3.1048
30587,4.049
13198,3.7314
10433,3.8016
4116,0
26169,2.8642
29628,4.2786
9002,3.184
16215,4.554
17891,3.2302
13710,3.7156
19904,4.5546
218,3.7666
25962,3.713
29874,4.5552
8584,4.5552
17505,3.7594
26816,3.156
13496,3.8504
3705,3.6888
7336,4.1964
16910,4.109
20689,3.6516
17344,3.3052
26891,3.175
28610,3.068
4110,0
27481,3.0498
5019,4.5564
18113,4.218
20211,3.1394
26849,3.6674
11328,3.147
8511,3.2172
6397,2.9736
11661,4.5572
28688,3.1582
24719,3.5304
31655,3.0984
12292,3.6038
18477,4.0786
17556,3.6366
31107,4.0264
15137,2.9812
29924,4.5578
20995,4.1778
16592,0
3102,3.6622
23331,0
14799,3.7314
16668,0
19333,3.5396
3564,3.1774
11939,3.7758
9922,4.2814
21013,4.1986
19668,3.8044
3853,3.681
10587,3.5806
6724,4.062
2604,3.7132
29163,4.2192
7089,3.7646
11916,4.1432
7719,3.669
14170,4.1804
13224,4.1904
22095,3.8086
29146,4.2186
10368,4.2686
16535,3.7562
25815,0
24823,4.5586
13992,3.7324
4377,4.5592
7075,0
21963,3.187
26447,3.5326
25679,3.7212
15981,0
22809,0
23246,0
15758,0
785,4.1086
4792,3.034
811,2.9616
10549,3.8052
664,3.5154
27718,3.7252
27974,3.6686
10403,3.7642
14698,3.0586
14538,3.8004
11244,4.5596
14509,0
5298,3.7446
3372,3.669
24174,4.1314
31096,3.6906
13324,4.2624
18450,4.1634
25179,4.2088
442,3.223
17674,3.2554
31538,0
14067,4.1686
536,0
24708,3.5282
28144,0
6336,2.8412
28737,0
23593,3.7596
31181,3.6844
25334,3.1774
16180,4.1458
12899,3.2386
28167,0
23448,0
26190,4.1444
30350,3.719
18051,3.726
14184,4.2374
30893,3.6608
4599,4.1492
22307,0
6075,4.1494
2453,0
26240,3.8162
31667,0
4366,4.56
4219,3.7142
5080,4.1022
20151,4.561
18386,3.7938
8041,4.2424
27947,3.8076
25217,4.0732
26836,3.7722
10241,0
11871,4.1432
28125,0
23358,0
17522,4.2112
1564,4.1054
10147,3.1444
25374,3.8068
19289,3.2308
11547,3.1988
17614,3.6868
9828,3.7976
17597,3.1226
2832,3.6884
5319,3.6728
11312,4.077
8210,3.7166
17844,3.166
17254,0
23443,0
12518,3.3082
27553,4.224
24790,3.8014
7942,4.5614
13766,4.5616
18886,3.6974
11186,3.7634
4529,4.2394
1594,4.0806
18506,2.9974
14875,0
30979,0
19991,3.2812
619,2.3518
13737,3.247
14840,3.228
2332,3.273
14006,3.754
29468,4.168
19986,3.6356
3050,3.2122
31172,3.3408
23387,0
8780,3.673
12778,3.7318
31421,2.9742
18148,4.2236
10752,4.5616
10311,0
22982,0
10919,3.2474
16567,3.0216
10730,4.059
5506,3.1698
15681,3.221
5532,3.2168
26920,4.0642
5212,3.6534
14887,4.5618
18017,4.177
31558,0
18434,4.5626
13555,4.1932
3228,2.9592
17525,4.0942
24904,3.6708
25361,4.0902
17385,4.5632
6836,0
5411,3.7738
11158,4.0996
19946,0
15159,3.007
2512,3.5938
25413,3.8484
23865,4.1558
1058,3.177
21784,3.725
24639,3.8256
19674,3.7678
12464,3.8016
5443,3.1038
30925,3.581
30935,3.5356
13602,3.805
22781,3.1594
4423,3.7942
23114,0
25585,2.3538
30773,0
18016,4.149
11004,4.3358
6299,3.6678
27559,4.1596
9415,4.564
7470,3.7376
20976,4.224
24294,4.2746
7925,0
26889,3.1052
11523,0
29229,3.6198
8411,0
2718,3.0658
17334,3.2782
28030,0
4949,3.7008
15808,3.1606
3238,3.0748
24654,4.0258
13383,3.7292
3324,3.777
7033,3.7038
8972,3.634
11981,3.1006
21854,2.9966
6936,0
7301,4.5648
2585,3.0698
3764,4.1138
21480,4.0764
6171,3.7252
29582,4.566
13749,4.1528
8929,4.2378
4692,3.811
27045,3.7644
23325,0
8243,3.0952
15029,4.0556
20218,3.7408
8194,3.7808
7171,3.6402
22256,3.6112
7573,3.7564
11594,0
3955,0
23690,4.2804
25124,4.2362
4618,4.24
17459,4.114
16612,0
19616,3.1162
20009,0
21680,3.7754
684,4.1732
28330,0
25255,2.9542
23653,3.6134
12859,3.799
20435,4.1224
12219,3.7796
29736,3.202
22049,4.177
7108,3.5456
31828,3.7442
15093,4.0336
13503,3.7546
12905,0
7917,0
9083,4.5668
22143,3.2004
16314,0
5640,3.7172
4024,3.1266
16015,2.9932
16482,0
21318,3.249
26390,3.6652
29906,4.1386
9408,4.567
22114,3.19
28073,0
175,4.2258
3867,3.168
9105,4.2062
14015,3.683
18980,4.1428
14318,3.721
3872,0
16878,4.132
28983,3.0404
7715,3.6832
6893,3.2048
26147,4.216
22923,0
10065,4.0506
20675,4.0886
17320,3.0976
8192,4.0508
13210,3.7624
18217,3.8332
30996,3.7664
11313,3.6312
11929,3.744
17293,3.5942
13562,3.855
4696,3.8334
5559,3.1298
29882,4.567
1590,2.36
26296,3.3058
23832,3.8648
2815,3.731
11512,3.6902
26186,4.2522
6924,3.5388
21934,3.7496
28035,0
31171,3.7894
6370,3.0956
31169,3.6676
6939,0
3834,2.926
25843,3.7536
8939,2.7014
1513,3.1234
17072,0
25712,3.7022
14565,3.7524
15511,0
15891,3.567
23003,0
26288,3.2634
7552,3.8044
4439,3.7224
1835,3.7074
29645,4.2218
26238,3.723
13366,3.742
5184,3.2526
30378,3.6912
28106,0
31789,4.0702
14609,3.728
28011,2.9276
16671,3.0742
27254,4.2434
29855,4.1864
29235,3.7546
5189,3.5442
4165,4.1852
1364,3.7232
16261,0
34,4.0792
1643,3.7932
22604,0
21554,3.016
29210,4.1262
20368,0
31613,3.7432
5638,4.157
18519,3.6194
27627,4.1224
16204,4.1074
5909,3.694
6326,3.782
13985,3.8132
590,3.8066
12328,3.6132
18469,3.8254
9687,4.0986
3595,0
30138,3.2202
18456,4.142
24093,4.3006
16337,3.261
4560,4.5678
19398,0
12124,4.1958
20197,4.1938
14602,3.7786
15606,0
3661,3.7182
8696,3.2076
16064,0
2580,3.7778
14623,3.8018
30513,4.1428
13619,3.766
11218,3.5746
28602,3.579
5288,4.0854
4689,4.193
17536,3.2112
28608,0
11337,3.791
12673,3.8082
20649,4.3112
21563,3.0718
437,3.0978
11627,3.7806
24520,2.3456
14588,4.1266
20912,4.5684
1168,3.1266
1268,4.0538
19759,4.5684
20026,0
12068,4.2152
12797,3.1616
9244,4.197
8833,3.8658
22948,0
22206,3.0916
1723,3.6994
25800,0
12207,4.1766
3087,4.085
10381,4.1516
9486,3.782
22646,0
15863,0
23873,4.149
3790,2.9986
14279,3.7522
12965,4.0802
346,3.1552
29489,3.6448
30218,3.1312
1166,3.08
30241,0
11260,4.1224
12413,3.8006
11405,4.037
9007,3.2356
29350,3.0666
13888,3.7108
3957,0
12005,0
20220,3.2518
1730,3.6358
24442,3.7948
4016,3.1456
30065,4.0542
4673,4.1512
14309,2.3648
29512,2.7476
18175,4.5688
29414,3.8302
10189,3.2596
20047,3.2934
3548,4.0414
22165,2.9624
29106,0
4738,2.9352
19582,3.6988
24476,4.0624
19883,0
16970,3.7406
6556,4.104
8036,3.2268
19612,4.2324
27807,3.652
23362,0
25214,4.1058
12585,3.2696
24965,3.7028
3780,3.6722
16688,0
16909,3.7194
27331,4.164
19970,3.5886
13346,3.761
15461,0
9599,0
8783,2.3448
19424,0
2792,2.9986
7083,4.2144
6063,4.1348
19997,0
12771,3.7516
26094,0
12699,4.0932
3526,3.1622
2924,4.569
24543,3.6252
2783,4.1516
4008,4.144
26231,4.1034
18593,3.2084
11545,0
2945,3.7138
31202,3.7492
16693,3.0252
27499,2.9538
3468,3.66
29101,0
15072,3.8034
21867,0
31492,0
20195,4.194
9638,4.2394
19623,0
17718,4.2344
10468,3.163
13785,3.7524
27132,3.7198
11652,3.307
20698,3.5816
17841,3.1094
12190,4.2162
23701,4.2746
24466,4.106
26762,3.7122
18304,2.309
9473,3.7722
7673,3.7012
24298,3.8182
6668,3.653
8712,3.3294
8197,3.7952
21418,4.105
15619,0
8954,3.796
12862,3.6772
30290,3.0438
16548,0
14173,4.5694
1374,2.8012
30211,3.2024
530,0
15396,0
2960,3.1928
31087,4.5694
20660,4.2076
9448,4.1464
7888,0
9055,3.8304
6,4.19
5833,3.73
96,3.0936
27775,3.2626
28316,3.1906
17161,0
20964,4.1972
16099,2.8358
22392,3.6514
17142,0
5571,3.7562
4043,3.812
15673,0
14867,3.142
31922,3.7434
17911,3.7572
30589,2.7634
31337,0
9551,4.043
24049,3.8464
6707,4.2032
25207,3.7906
4241,3.7476
2403,3.2342
13095,4.262
14079,2.9572
31091,4.1268
15502,3.204
2801,4.23
22477,4.153
26929,3.8226
27881,3.6052
15497,3.7586
18799,0
12108,4.2246
7940,4.5696
8469,3.1586
1672,4.5706
15816,0
6774,4.155
8998,3.037
2181,4.1668
26265,3.6544
3119,3.6582
482,3.2466
1662,4.2338
2847,3.0634
12487,3.6914
4767,3.6504
25892,3.6826
24717,3.3232
4282,4.0554
16479,0
31179,3.261
17622,3.5554
30583,3.7202
15103,2.8156
3132,3.336
13628,3.7702
19797,0
24247,3.8108
1806,4.1314
14882,4.2592
8579,4.5724
9645,3.8374
27299,4.0544
21726,3.5622
1418,3.6538
26065,3.0922
10397,4.1048
13325,3.705
27748,3.3752
15005,4.5724
3802,3.026
29914,3.7724
6006,3.7632
8069,0
10446,3.199
7856,3.0216
6148,4.151
21472,4.1274
16054,2.7674
25178,4.193
3166,3.5662
17638,3.0114
23110,0
26293,3.2348
26031,3.4
25196,4.0878
930,3.7886
19455,0
16932,0
24119,4.2648
12723,4.1072
15835,3.7168
13090,4.573
26168,3.8192
13700,3.7566
22370,4.5736
7129,4.0542
13999,4.0762
25516,0
350,3.705
13394,3.745
24559,3.6868
28706,0
7120,4.2062
10197,0
17316,3.5988
7965,3.7308
22302,0
12525,3.2804
13357,3.7582
16731,3.7344
2529,0
22353,0
26526,3.7324
4028,4.1216
16941,0
14407,2.9992
30243,0
10671,4.0246
24899,2.87
3276,3.6102
2092,0
613,3.1196
2590,3.74
2990,4.5758
2719,3.1212
30898,3.6618
10112,4.1302
4471,3.7684
28212,0
4491,3.1866
1214,2.95
2315,3.0926
30731,3.5294
6122,3.6822
5549,3.1066
6801,4.1842
5150,3.2548
26049,3.1462
25134,4.1802
14587,3.6848
27777,3.5512
7016,4.0964
11735,3.5988
7074,0
8878,3.8518
2408,0
13940,3.108
25796,0
9491,3.66
6030,3.7412
407,3.2698
30122,3.7088
12580,3.5994
2078,3.0026
3835,3.6516
11964,3.2244
3991,4.1066
9855,3.5866
28462,4.1332
24346,3.8522
23015,0
11304,3.6412
7985,3.743
30095,3.7168
22822,0
26451,3.5354
26829,3.855
23932,3.567
19445,0
7957,4.1548
10237,0
22045,3.7742
92,2.9968
19356,3.3308
31220,4.5764
20360,3.6002
3490,3.714
20614,4.5772
22445,0
12743,3.8034
29462,4.1766
2316,3.1742
30197,3.0748
24204,4.0606
20647,4.1906
28100,3.2568
25319,3.0198
14749,0
8327,3.5854
11488,4.0558
19253,3.0262
28267,4.036
3672,3.0878
4804,4.1746
12735,4.1096
15218,0
20456,4.101
10857,3.653
21899,3.7962
26351,3.8148
20206,3.7064
28779,3.7588
8363,4.5774
1988,0
26991,3.8022
19458,0
26066,2.9948
9878,3.159
356,3.6892
9016,0
2744,4.2124
11900,3.8028
27282,4.2414
30636,3.8138
7119,3.156
21266,3.7352
14819,0
23714,4.186
789,4.0648
2507,3.686
25021,3.7212
27892,3.1702
29983,4.2032
14927,4.2186
6000,4.1966
8730,4.1582
24200,4.0622
16544,0
27963,4.045
20344,3.6888
15455,0
18610,3.0872
30606,4.141
6162,3.2814
1163,3.1208
10109,4.0412
8936,3.8144
27451,3.6956
20866,2.8158
20722,3.8414
3110,3.6756
10985,4.5774
3246,0
9257,4.5786
15109,2.7336
1120,4.157
21787,3.7486
11458,0
24106,4.3112
30251,3.2388
6588,3.6862
24643,4.0266
18178,4.2072
12033,3.1464
3308,3.5288
10163,0
15874,3.691
21874,0
2974,3.6664
26990,3.8674
15506,2.9366
8854,3.8506
20217,3.1428
17261,0
8309,2.9878
4355,0
1952,3.5436
25983,3.6876
1427,3.7128
17284,3.632
3865,3.2144
31205,4.5794
1194,3.7344
9835,3.7024
21386,3.2226
27018,3.7188
666,3.2352
30178,3.2228
16687,2.988
20662,4.236
18768,3.7954
28185,0
25939,4.1046
12863,3.6614
28643,0
12146,4.1768
20744,4.03
15399,3.2134
21375,0
18010,4.1654
4138,0
463,4.1744
18130,4.219
4834,3.7344
5145,3.8364
8925,4.2256
14240,4.1938
30881,3.7946
5617,3.7988
20107,4.2168
24026,4.5796
6126,3.0858
22634,0
24736,4.5802
3313,3.0672
11769,3.633
29004,0
21931,3.71
5140,3.7376
30072,3.5968
6979,4.1866
23349,0
6732,3.7752
1534,3.1952
25628,4.5804
277,4.1488
30440,2.704
28421,4.2118
11720,3.2454
13694,3.0692
21679,3.6038
12955,4.0654
2758,3.5614
4483,3.0196
20655,4.2614
6235,3.1966
22038,4.1806
27402,4.097
10182,3.279
6819,4.1168
9190,4.2084
12234,3.2994
24025,4.2118
8901,4.0816
8983,3.5698
10287,0
1781,2.8552
27182,3.7204
20772,3.7324
16795,3.2036
11865,4.3118
9939,4.1614
14353,3.166
15660,0
11668,4.2366
23911,4.1084
27613,4.1572
11138,4.1986
27747,3.7572
6139,3.2534
12967,3.7642
2205,4.1094
895,3.8022
13180,4.2026
15467,0
27104,4.1086
19547,3.2524
29383,4.2044
3333,3.7162
5376,3.2446
26073,3.091
8667,3.648
18987,4.2692
17231,0
5431,3.6836
22834,0
6591,3.8012
8118,3.7876
15997,2.8936
5195,3.2346
28186,0
31139,3.7332
7506,3.5456
25496,3.5364
21711,3.1104
15433,0
12357,4.054
349,3.6312
6371,3.1032
13808,3.8502
1018,3.5882
16097,2.7196
28307,3.6182
18174,4.2232
27671,3.8356
21120,4.285
15239,3.6588
12709,4.1572
18498,4.0316
28453,3.74
27994,3.7012
3734,3.6392
4762,3.6624
2467,4.1132
9372,4.2746
30414,3.0796
30094,3.6342
16100,4.1514
14160,4.5808
3091,4.098
26373,4.0758
7069,0
17539,0
6431,3.1104
11922,3.7268
23475,0
15407,3.1142
28571,0
18280,3.594
18730,3.7542
11960,3.763
12821,3.1714
23206,0
31715,3.7162
3703,3.672
17736,4.2354
13738,3.1514
22573,3.583
8625,4.3296
27631,3.851
14050,3.7434
9379,4.5814
17211,3.1578
31577,0
704,3.1436
12746,3.709
11685,3.7328
14287,3.5886
23718,3.8142
31010,3.78
17022,3.1412
24890,2.8002
20805,4.1944
13219,3.298
10925,3.2118
3219,0
12101,4.2042
5961,3.6608
6218,3.654
22808,0
29501,3.0148
9069,4.2516
17091,0
30941,3.7512
8002,0
11785,0
8288,3.6884
27581,3.6044
12774,3.5972
4974,4.1602
11175,3.6272
6692,0
11691,4.0628
10209,3.2264
21656,3.1922
8765,3.7484
2328,3.592
17630,4.5818
30991,3.8106
14639,2.9794
14515,0
27398,4.1606
26175,4.5828
16463,0
15413,0
12939,4.1226
21443,3.8388
12199,4.049
282,4.1106
14720,0
1557,0
17987,3.1946
10890,3.175
22096,3.6726
16050,2.8944
13679,3.6438
29661,4.157
19846,4.2122
7051,3.7642
1790,3.0186
12783,3.1862
29513,2.8882
6990,4.2538
8229,2.9216
29435,4.2012
6746,3.6682
22628,0
904,3.6942
16676,3.0054
20076,3.5906
29074,0
15780,4.583
12235,3.7626
18089,3.7738
12800,3.5838
7695,3.7866
29573,4.2202
17560,3.1076
12818,3.1894
10557,3.7726
1798,0
12376,4.1966
30274,0
13245,3.2134
20352,4.1018
25311,3.1358
24241,3.7948
5888,3.6448
5817,4.0872
26380,3.14
29757,3.021
18509,3.7562
7117,3.3288
198,4.0634
24898,3.6682
17864,0
26267,3.2136
8540,3.188
31805,3.6944
328,3.699
10202,3.8408
31340,3.6182
317,3.7758
28955,0
26243,4.2084
28561,3.0928
1710,3.6992
5501,3.729
6069,3.6928
30501,4.5834
9212,3.2508
3260,3.8232
21993,0
8720,4.5838
497,3.016
25385,4.1784
31219,4.585
7867,0
6747,2.8096
5959,4.1814
16417,3.724
22260,3.2816
20420,3.8728
27064,3.7836
826,4.2712
27375,4.5854
30711,3.509
18581,3.2492
11500,4.0762
19340,3.2296
7024,3.7592
28522,3.6474
7010,3.7456
21912,3.7256
29768,3.5362
11447,3.5792
11825,3.0768
5234,3.2236
23841,3.8694
27266,4.3564
23229,0
5546,4.0884
8086,4.5856
2285,4.0682
18755,3.7818
14480,2.9204
3976,3.797
3664,3.0788
23108,0
24788,3.8454
2708,3.2252
1034,0
26162,4.5858
16209,4.1132
17133,0
14163,4.1732
714,0
19314,3.114
14496,3.2148
26370,3.8352
5972,4.1726
19962,3.1282
7403,3.8074
10538,0
11412,3.8016
11841,0
26770,3.0542
17239,0
18372,4.1422
23532,4.047
13101,4.5878
13718,3.148
8155,3.7744
31237,4.1746
3298,0
12554,3.7568
16374,3.1578
1473,3.1962
12682,3.8226
14512,0
11173,3.6774
5047,3.6252
4192,4.0934
31919,0
14736,0
26896,3.2196
15813,3.6916
27587,3.1806
30702,3.2004
20297,3.1936
99,3.054
16706,0
12789,3.5456
21939,3.2724
19685,0
12456,3.6494
20232,3.1908
20585,4.5882
1533,3.0286
8531,0
11937,4.0888
28092,0
29493,2.987
2997,4.1636
2393,3.3082
31499,0
14596,4.1128
29749,3.6418
31615,3.1946
21682,3.6932
1337,0
25643,4.2616
25063,4.589
11926,3.751
25007,3.7526
2666,3.6018
17141,0
23097,0
24438,3.7932
21808,3.2058
27569,4.0852
21378,0
21634,3.1942
3517,3.6016
30128,3.6626
16855,3.2618
22430,3.0794
30808,3.2078
10631,3.3358
6493,3.6738
13652,3.5768
28320,4.118
12642,4.236
2852,3.1962
19201,3.7662
26252,3.722
10400,4.1546
3543,3.8004
23531,4.1188
16257,3.818
1589,3.6398
17044,0
924,3.6984
28838,0
3073,3.169
12551,3.7354
14544,4.1404
7096,3.7694
22818,0
1090,3.1094
11771,3.6142
26276,3.2994
751,3.0532
17737,4.2148
14904,4.2582
22073,3.8158
27227,0
11419,3.8062
9229,4.5894
17111,0
3524,3.0804
30355,3.578
16250,3.7436
29428,4.23
9015,0
26284,3.309
23578,4.0552
23146,3.2162
21902,4.0804
22770,0
29563,4.226
28616,3.0454
26535,3.5746
23695,4.193
11434,3.6786
15977,0
2687,3.643
1927,0
17763,4.1786
11722,3.2838
29444,4.181
27987,3.7766
27934,4.5902
11978,3.2082
13577,4.0736
9431,3.8206
15279,0
21622,3.1794
27950,4.1844
4462,3.7898
918,4.1064
5099,3.7382
17342,0
18501,4.0746
13004,4.102
8394,3.2818
11109,4.5904
22482,3.7606
10502,0
13612,3.8116
8844,4.282
20041,3.1432
20484,4.1
24081,4.5912
4346,3.1288
29549,4.2666
17706,4.2424
13725,3.81
7338,4.2398
2141,4.0888
30429,3.077
14949,3.8114
23352,0
8740,4.0932
24003,4.2552
21025,4.2404
20595,4.2322
15545,0
23411,0
8528,3.2112
4670,4.2212
18350,3.7316
12538,3.1868
26791,3.1446
3365,3.7538
9218,4.0964
14186,4.2786
15698,0
25943,3.8704
10744,4.5934
7339,4.5944
23255,0
24197,4.0662
983,3.681
6027,3.7694
6427,3.1028
21643,3.7446
13662,3.6336
30392,3.0248
5755,3.7438
9424,4.2564
22511,3.6928
26715,0
15076,4.1352
11514,3.202
10816,3.7254
9651,2.6316
23314,0
31196,0
2533,0
13084,4.5948
25455,3.843
3688,3.6844
19827,4.2174
4465,3.8198
30751,3.2074
7509,3.6326
28048,0
1512,3.026
4775,3.6798
31073,3.2642
19629,3.6896
6359,3.1742
9237,4.2832
2948,3.8002
21345,4.1208
19670,4.0964
8318,3.6672
14707,3.0712
23980,4.5954
16464,0
9246,4.5956
21524,3.6224
21540,4.0962
21032,4.1552
6531,3.6048
24230,4.11
14294,3.7368
3353,4.2252
26654,4.1056
18843,4.2194
21665,4.1562
27098,3.7462
26040,3.7066
22324,0
24258,3.787
18231,4.0524
20334,4.1
22008,4.1896
11024,4.1994
30840,0
16040,0
31415,3.2952
3186,3.7212
11948,3.0484
28589,3.0662
16583,3.2292
5525,4.0828
29707,3.8308
17550,3.7186
8417,0
26847,3.7546
26784,4.5958
20565,4.1834
12799,3.5124
12470,3.2382
10150,3.6656
18728,3.7724
966,3.7326
30500,4.5964
522,0
27136,3.7204
30603,4.1368
18048,3.6874
1487,3.63
18439,4.2048
2410,0
7433,3.7236
15498,3.3222
1822,3.7192
3177,3.185
7431,2.9912
2894,3.7862
24253,3.8134
24780,3.7944
14678,3.6654
23769,3.6124
15446,0
9374,4.088
11809,0
21257,3.7344
10481,3.1396
28662,3.7084
15967,0
16557,0
25934,4.1192
21983,3.0992
13319,3.2788
14536,4.2026
24957,4.1538
28302,3.6318
22589,3.6732
24127,4.245
11233,4.0628
12907,0
1179,3.121
17802,3.7304
17628,3.1586
30919,3.8222
16609,0
10845,3.2288
12322,2.989
21117,4.2602
24377,4.1778
19686,0
12854,3.6882
14100,4.2026
7556,2.8802
24302,3.7986
29518,2.9492
1582,4.1458
1857,3.6444
29897,4.5972
24722,4.5972
11573,0
30111,3.5846
28051,0
24628,4.1008
9874,3.3278
10706,3.5756
25855,3.7964
31913,0
5473,4.0642
2495,3.6566
25765,0
1185,4.163
27419,3.8108
19234,3.6922
3482,3.6096
11928,3.7536
31840,3.68
3203,3.21
20039,3.7922
2746,3.6918
10393,3.8012
25964,3.7954
841,4.1424
17926,3.789
24403,3.7996
24718,3.5282
10633,3.3682
1985,0
29304,3.175
7217,3.0718
26578,3.1098
30670,3.5666
14604,3.7538
1700,4.1808
27928,4.2162
19666,0
12149,4.1878
16071,0
6773,3.7944
24770,3.8418
11205,3.807
24694,0
8722,4.5976
3163,0
3079,3.191
5143,3.7312
29034,0
8449,3.2016
3357,4.1258
8260,3.8088
16306,4.0804
14117,3.793
26799,3.312
18687,4.2532
19518,0
10576,3.6112
22466,3.7482
24518,4.0574
21620,3.162
13597,3.8266
3421,2.9166
13709,4.0764
11890,4.0426
10308,3.2104
5353,4.0844
9166,4.1466
5447,3.6988
28594,0
23493,4.1466
26907,0
23790,4.2058
14060,4.5982
17126,0
3883,2.9396
20289,0
9447,3.7062
18701,4.1992
13854,3.2714
17207,3.601
14705,3.258
19840,3.8046
25300,2.9836
19609,4.3394
16023,2.862
46,3.6548
6325,4.2292
14727,0
2150,3.275
10828,3.8256
28432,4.1156
16265,3.6442
28132,0
24960,3.6802
28945,0
14962,4.1916
25978,4.097
21541,3.831
13951,3.1256
19220,3.0584
8264,3.7558
7335,3.724
12986,3.7806
17686,4.267
16965,2.9762
21882,3.638
245,3.0454
6914,3.1768
28099,0
13640,3.7724
4161,4.196
16304,0
8397,0
17644,3.6384
12405,4.0664
26260,3.7134
24104,4.3462
1782,3.663
28304,3.313
11339,0
20098,3.5804
15564,0
30924,3.647
8477,3.1136
31451,3.201
27938,4.5996
23041,0
27916,3.1742
18602,0
28731,3.267
27422,3.68
31214,4.2484
10762,4.2334
2106,3.7462
24576,0
12200,4.0834
29896,4.1206
13816,4.1058
29390,4.6006
4352,0
22023,3.17
19549,3.1854
9701,3.7414
27223,0
4021,4.1044
1368,4.056
30039,4.1264
2422,3.6224
19100,3.0178
2984,3.7132
31882,3.1574
15767,0
29557,4.6008
12830,3.0938
17442,3.7434
27322,4.1016
14628,2.952
29798,3.6358
15020,3.7356
12964,3.8176
21905,3.692
13825,4.1314
20133,4.601
19325,3.5544
6400,3.0956
17122,0
15732,0
21080,4.0578
16089,0
182,4.601
17790,3.752
52,3.052
4838,3.7512
5967,3.75
25716,3.6236
25392,4.1054
22552,0
5642,3.8034
7054,4.1606
13520,4.1202
8427,3.7576
4823,4.2082
5317,3.201
14364,4.1482
28998,0
28517,3.1904
22850,0
532,0
24535,3.6388
12536,3.2286
19069,2.8128
14223,3.2222
19637,0
10519,0
2729,3.0902
19405,0
28595,2.9834
3419,2.9168
6343,4.6014
6810,3.7652
8213,3.7554
8345,3.6192
28769,4.178
23545,4.0964
18911,3.5232
23739,3.6646
30279,0
24109,4.6018
28495,3.7354
12165,4.602
29698,3.7522
23993,4.2734
4234,3.849
4504,4.2026
2379,3.0484
23055,0
10941,4.2596
1865,3.6974
17477,2.9674
18343,4.0532
4098,3.1194
5648,4.066
27644,4.181
24167,4.2456
17348,3.2326
27022,3.7464
27465,3.1574
12871,3.5772
25017,3.785
27119,4.108
2344,3.5922
15966,3.6204
25722,3.7926
9202,3.7704
16320,0
15372,0
15456,0
25213,4.1064
27751,4.0558
23285,0
15827,0
14651,3.2744
25536,0
12776,3.6518
29261,2.9364
14647,3.291
24931,4.1678
9709,4.1838
20780,3.7868
6986,3.7814
18529,4.1038
31520,3.087
7355,4.2516
30653,0
7318,4.212
8409,0
22548,3.5642
29708,3.5894
27599,3.8132
29614,4.2974
28742,0
30220,4.2654
20395,3.1738
10731,3.6792
20706,4.163
9023,4.603
8226,3.6734
22493,4.0646
21935,3.064
15489,3.7328
25247,2.9974
2463,2.2416
15010,4.2184
11843,0
3272,3.6366
30524,4.111
26295,0
11744,0
27039,3.7484
29738,2.3406
19887,0
2234,3.7258
31896,3.1266
15232,3.6496
23277,0
24864,3.7088
27043,3.7334
21548,3.1282
2135,3.0682
22575,3.5128
4584,4.6032
4247,3.8446
31737,2.343
1812,4.1014
13538,4.1886
8855,4.1828
537,0
2214,3.7386
5071,4.1278
12132,3.8474
17541,3.759
15043,3.3026
9456,3.8322
28776,3.794
16669,0
21716,3.0736
27474,3.0142
16352,0
22032,3.7442
10565,3.729
23936,3.083
29652,4.2236
22127,4.094
10533,0
25138,4.1618
20130,4.188
7019,4.1646
1681,4.1186
10972,4.6034
25993,3.3172
31291,3.7262
17650,3.0308
4444,3.766
14211,4.2216
22190,0
13544,3.8586
15748,0
7980,3.5862
17991,0
29795,3.1394
1352,4.1048
15216,0
1390,3.7046
18938,2.9196
6103,3.6354
8463,3.1648
2137,3.0936
9137,4.6034
4745,3.7214
29170,4.1552
6097,4.1512
2131,3.136
29886,3.7452
16236,3.7764
17990,0
10282,0
1114,0
26160,4.6038
9035,4.186
27791,3.055
13448,4.0984
20615,4.1648
20758,3.8006
10107,4.1176
1886,3.113
28428,4.0856
31440,0
23779,3.6664
7492,3.1234
14774,3.8092
29669,3.7328
28593,3.047
15318,0
30939,3.648
13108,4.6038
11265,3.825
10223,3.1414
3200,3.6092
22312,0
3296,3.1114
27372,4.1068
28851,0
16696,0
8506,0
22706,0
18588,3.68
12148,4.2254
2906,4.2116
29303,3.7846
12241,3.753
1035,3.0908
24483,3.804
30272,0
11075,4.3326
339,4.1154
21110,4.1106
8158,3.66
31868,3.1598
9546,4.0698
26741,4.2466
21890,0
21725,3.3174
25254,2.9386
13192,3.7944
18750,3.6912
9517,3.742
16686,0
28499,4.1626
9911,4.604
31039,3.532
278,4.0714
8003,2.9328
19659,0
5081,3.059
2759,3.636
17938,3.7338
3002,3.7928
11965,3.739
7194,3.3058
17221,3.627
28298,3.6134
26924,4.6042
9008,3.2058
8373,3.516
27122,4.0502
28872,0
29087,0
1495,3.1868
19655,4.1348
16290,3.6538
12273,3.0586
21011,4.1686
30505,4.1588
6053,3.0862
31369,3.7624
4398,4.162
697,3.093
9951,2.3534
13931,3.033
19841,0
29135,0
1541,3.0726
19929,3.0114
24072,4.6042
24971,3.7978
24489,2.3352
998,3.6106
22900,0
19329,3.2402
8575,4.2012
12126,4.168
8735,4.2
29944,3.7462
6314,4.091
27033,2.9822
8953,2.743
17259,3.5484
26299,3.3258
8493,3.2376
23796,4.0912
27123,3.6358
7848,3.207
6626,4.1526
960,3.1086
22939,0
20988,4.163
18459,4.075
6706,4.6042
31600,4.1862
26042,3.6522
22950,0
20242,3.2552
21945,3.2612
10774,4.315
31717,4.1902
27228,3.1088
13804,3.7842
14231,4.1398
18652,3.605
3101,4.0346
2462,4.6042
9297,4.605
30890,4.1466
3674,3.0548
30298,0
7153,4.0896
18197,4.6056
19103,3.1012
7323,4.1786
19902,3.712
335,3.6798
22532,0
5304,3.0992
26746,3.7776
19672,3.171
10364,4.6056
5931,4.049
4543,4.2886
16149,3.7814
2473,3.8278
23749,3.6044
17184,3.1648
25354,4.1638
30576,3.6812
2908,3.7722
7093,3.7458
25972,3.7508
18892,3.7302
4650,4.216
1260,3.7956
30669,3.5236
20058,3.7308
4958,4.6062
13587,3.8534
7814,0
13010,3.7548
12826,3.2544
28183,0
15522,3.2224
31425,3.0246
27945,4.1234
30166,3.2084
3866,3.1742
28378,0
7454,3.7158
10834,4.1954
24260,4.2426
12428,3.7732
19586,3.7966
22467,4.1256
31846,2.931
9983,4.0458
20819,4.165
21940,3.1674
24502,3.8026
6191,3.7642
3135,3.6272
31452,3.098
3134,3.3072
5956,3.783
11006,4.6064
5271,3.2274
13375,3.0494
21781,4.175
13464,4.1668
26016,3.6462
12202,4.0406
28936,0
6496,3.0828
29648,4.6068
31155,3.583
25894,4.0694
22873,0
12702,4.1758
25477,3.6056
11481,4.1134
27202,3.1816
1785,3.073
18189,4.6088
31504,3.688
11897,3.8538
21819,3.2456
28993,0
14966,4.1712
30666,3.7788
28084,0
25575,3.7756
19337,3.5594
23210,0
13866,4.1886
26729,3.1018
12785,3.1504
16062,2.7058
19206,2.296
4434,3.7064
13360,3.7064
23294,0
17698,4.6092
293,3.7718
30838,0
29442,4.1318
31032,3.6178
25501,3.519
8236,3.0822
28151,0
8080,4.61
17914,2.8172
8615,4.2816
943,3.6692
1324,3.5912
3443,3.8382
23366,0
4758,3.5792
5157,3.623
19892,0
20279,3.2696
26695,3.624
21668,4.1036
16282,3.6718
24148,4.2028
13568,4.154
21371,3.232
29045,0
27873,3.2076
31071,3.3184
20737,4.0446
748,4.148
30049,3.7864
17332,3.528
25204,4.1966
1560,4.6102
18605,3.0618
6929,2.9992
26014,3.6166
17353,3.06
21057,4.0704
12314,2.8516
4578,4.6104
30687,3.1108
20054,3.785
28136,0
1102,0
26893,3.103
15756,0
12275,3.7002
25685,3.7298
5062,4.0486
4803,4.1692
8701,3.1978
31208,4.3008
6436,3.0968
21436,4.1218
24218,4.085
28221,4.6108
14630,3.01
21798,3.6912
4526,4.6114
12341,4.2056
11687,3.2336
17677,3.1452
6991,4.1446
19015,3.7826
23590,4.0552
27895,3.5728
22588,2.3598
31092,4.0542
29160,4.2282
10865,3.5778
3118,3.3336
6177,3.7158
23040,0
12663,4.2154
16710,0
4937,4.1572
4815,4.1112
16310,3.5968
7933,0
15629,0
761,2.9528
27364,4.6114
18351,4.091
10025,3.7722
21904,3.7618
4147,0
28530,3.1426
27513,0
20613,4.2596
24417,3.8826
1555,0
20577,4.6114
413,3.2802
29130,0
28797,3.2234
4025,4.0544
22661,0
31417,3.3172
4107,0
17260,3.6434
22356,0
17281,3.641
2913,3.7218
10236,3.1788
6071,3.698
10054,2.9786
29552,3.8454
15903,4.0608
16664,3.0526
22162,0
5056,3.71
21994,0
3754,4.118
11901,4.1142
3660,3.7174
27542,3.72
24056,4.6114
23337,0
14929,4.2406
7095,3.8012
15542,0
26925,3.8302
7138,3.6058
4240,2.9766
20330,3.841
22094,4.2262
12026,3.7926
5306,3.732
25626,4.6118
26212,4.187
26239,4.0982
27426,3.6434
5359,3.8242
14131,4.1174
28614,0
9228,4.6122
12227,3.184
14352,3.5402
13312,3.5764
26330,4.156
14108,4.1446
6826,3.693
1617,3.16
24342,4.1664
29895,3.742
12693,3.8312
2294,4.0814
16182,4.174
13954,3.0842
11936,3.8086
25589,3.7502
10657,4.1192
5245,0
24440,3.7506
8237,3.1382
8607,4.2744
17932,4.1106
6860,3.0304
201,3.7892
18195,4.295
26398,3.7052
8867,3.8574
16461,0
16991,0
8798,3.6114
15299,0
1425,3.653
4546,4.6122
10683,4.1374
3792,3.7046
5246,3.208
24089,4.6126
18038,4.1224
28135,0
23753,3.6414
8640,4.2668
23826,4.6134
13291,3.0576
2114,3.6174
4070,3.2218
8727,4.1788
24751,4.09
4124,0
3656,3.7926
23915,3.8358
16982,3.2954
23251,0
9572,3.3638
31799,3.7298
8527,0
13589,4.1036
1515,3.1518
23068,0
19794,0
12172,4.6134
15128,3.7038
24602,3.8152
22812,0
20523,4.1794
144,4.1188
23667,3.548
2877,3.2428
1117,0
12744,4.2154
27131,3.231
10365,4.6138
5786,3.7496
1619,3.543
14817,3.2582
22039,4.1966
23431,0
15355,0
29529,0
23817,3.8608
13776,4.139
5152,3.165
29434,4.1676
29246,3.1378
22150,0
14311,2.9842
17478,3.7834
1968,3.0128
27309,4.1692
5098,3.7874
7705,3.796
28656,0
25956,3.7316
3794,3.634
7810,0
19656,0
20308,4.614
18486,4.0572
10637,3.1524
4053,3.8382
30824,0
7653,3.759
19641,0
13349,3.735
3379,4.082
10764,4.2528
14738,0
22509,3.6702
27260,4.614
25636,4.2768
10000,4.615
12874,3.6726
20945,3.8118
25998,3.628
14762,4.1552
7013,4.1652
8898,3.8636
5524,3.1484
29043,0
30826,0
18269,3.6594
24187,4.1928
5566,3.1218
20155,4.2222
8614,4.6164
4888,4.1326
17757,4.1838
25340,4.6172
9281,4.2088
27118,3.7888
9610,0
4698,3.8124
2865,3.6322
27403,3.674
23657,3.1472
15269,0
15742,0
10883,3.252
29150,4.1838
18955,4.2598
15735,0
26755,4.2354
20719,4.0702
23403,0
8169,3.7564
19773,4.2738
29564,4.6174
15656,0
27998,3.7556
19835,4.1898
17735,4.2102
15477,0
12350,3.86
25961,3.8092
13474,4.058
20811,3.8
15540,0
22574,3.2328
8239,3.188
9278,3.8386
24171,4.1856
3763,4.2314
8598,4.6174
7053,3.784
23153,3.1884
2311,3.6596
31678,0
6882,3.1742
28350,0
15958,3.643
19757,4.306
16429,0
8437,4.046
19502,4.6174
16594,0
22384,3.8006
22832,0
15713,0
30453,3.8126
3220,3.1958
29042,0
20461,3.8278
10214,3.7396
2163,4.6186
6392,3.0962
21591,3.1738
13819,3.7456
264,3.8134
15557,0
18413,4.055
5668,3.74
6018,3.7656
21715,3.2334
13960,4.619
10432,3.1528
4094,3.1706
15924,4.1542
12039,3.6572
13046,4.6194
7687,3.2582
11496,3.6946
22810,0
31301,4.212
5173,3.2828
16762,3.7604
15883,3.773
22765,0
28087,0
696,3.0928
25185,4.2434
16927,4.0782
27537,4.206
30672,3.6486
27036,2.8212
10424,3.688
15599,0
8613,4.2668
30639,3.1754
19561,3.7632
6733,4.1326
31696,0
14600,2.977
30682,3.0804
7585,3.7452
28577,3.0004
1551,0
20023,3.1142
12272,3.609
26852,3.6514
23559,4.105
4176,4.2098
26224,4.1438
30335,4.1258
7519,3.6848
8719,3.3554
7118,3.298
23321,0
22722,0
22632,0
12486,3.656
14652,3.3358
28207,0
12925,4.198
25578,3.769
7710,3.723
4971,4.1014
8221,3.6962
14474,3.6614
1596,3.6304
4873,4.1076
9980,4.6194
5219,3.6428
12363,3.8106
15857,3.1908
11033,4.3028
1455,3.6444
19657,3.7998
9485,3.717
18077,3.7468
3680,2.9598
3453,3.7332
13310,3.224
10277,0
16610,0
12828,3.1766
26950,3.6054
19784,0
2674,3.657
30785,0
7753,3.633
7499,3.2074
6416,3.7868
31710,4.2096
21150,4.056
25664,4.1414
862,4.2656
5681,3.7798
22798,0
12505,3.2574
9065,4.2482
15526,0
373,3.7096
4826,4.6196
15667,0
26726,0
11295,3.7594
29776,3.5608
6161,3.5824
127,4.1336
7031,3.7696
925,3.1962
7227,0
18850,4.1808
29322,4.1796
21056,4.0808
20788,3.7468
474,3.1946
15854,0
16807,3.2292
12461,3.766
14092,4.2066
31574,0
4194,4.1318
16630,3.7398
2603,3.1652
28429,4.1752
19691,0
22461,4.1848
9429,4.1542
20892,3.8074
6409,3.1
4488,3.1622
19922,3.1104
1190,4.6202
12835,0
12342,4.2152
6185,3.0606
15936,3.6278
14841,3.2026
12331,3.1894
25533,3.1632
26248,3.712
28160,0
12138,4.1696
6585,3.6818
21750,0
21720,3.318
14756,0
27576,3.83
19168,4.0698
17935,4.1014
21055,4.0776
3719,3.6516
17495,4.112
27984,3.7598
13771,4.1628
10822,4.1076
575,3.2548
31082,4.2658
29067,0
17746,3.7662
5410,3.7242
15268,0
21713,3.2818
28521,0
12471,3.7278
26246,4.1404
25251,2.9926
25896,3.8236
31429,3.1808
23979,4.6206
18828,3.548
26959,3.6312
29846,4.6212
22994,0
16951,0
10396,3.7884
28772,4.102
15482,4.6214
6799,3.7036
26307,0
31117,4.0318
2795,3.1872
29021,0
4571,4.2002
21875,0
7804,0
24491,4.0494
24591,4.1192
20410,4.2344
6049,3.0214
3529,3.1966
26395,3.6136
16552,0
9391,2.7634
10910,3.2484
14093,4.146
28970,3.2638
4553,4.6222
6685,2.9266
26353,3.0066
6723,4.6228
7479,3.2232
4412,4.0902
5647,3.8098
28248,4.0364
30534,4.1602
9331,4.2996
7341,4.2754
28379,0
21314,3.6658
24507,2.8648
13446,4.1726
9375,4.2816
2871,3.2166
24472,3.74
25256,2.944
18003,4.233
18921,3.1146
19926,4.1274
28986,0
17409,0
8378,3.6032
1026,0
11241,4.623
932,3.7412
9205,4.1298
4694,4.251
2673,3.647
22281,0
30714,3.1676
14510,0
28887,3.0524
18046,4.1208
23125,3.6216
16679,0
10498,0
23878,4.203
11866,4.2518
19505,3.1924
23133,3.5584
6763,3.8484
21212,4.1264
11812,3.2102
8312,2.2702
28770,4.1358
19116,3.0174
19166,3.7966
7657,4.0682
9109,4.2614
1868,3.5718
17567,3.7854
17346,3.5396
5378,3.1858
20980,4.1598
25808,0
2813,3.771
13129,4.6232
11644,3.5114
9209,3.7614
17433,4.1994
28297,3.7578
26322,4.1806
19703,4.6232
17162,3.1954
30085,3.2462
6227,3.6392
1849,3.757
26149,4.271
351,4.1092
18716,4.1486
24721,4.288
23581,4.157
3769,4.129
31428,3.172
16859,4.6236
22484,3.7444
9696,4.157
26258,3.6528
7717,3.5636
18868,3.001
9996,0
10492,0
21542,3.8138
6296,3.636
18710,2.9686
4015,4.0852
26789,3.281
18631,3.7558
25718,3.6482
5944,3.1104
2954,3.7498
11037,4.2296
20394,3.09
22841,0
17952,2.9482
19939,3.767
31466,3.8298
13405,3.7472
31746,3.7394
30104,3.6908
16749,3.7102
18190,4.2356
20257,3.243
6305,3.6324
12086,3.7758
2347,3.209
26793,4.04
19689,3.6488
28096,0
18294,3.6828
26969,3.241
31355,0
29567,4.624
8892,3.813
31825,4.1194
19389,3.1018
513,0
8990,2.9928
31564,0
10097,3.7316
19836,4.2088
24425,3.7804
11078,4.244
7671,3.6392
7025,4.1038
26798,4.1092
13489,4.6242
7408,3.7294
7360,4.6244
14701,3.2308
4117,0
13516,4.0778
20396,3.1718
3879,0
24471,3.7628
30190,2.971
16442,0
3431,3.287
21529,3.2388
26608,0
15374,0
19107,3.1682
4267,3.8216
13351,3.808
6100,3.5786
23569,3.8176
4096,3.203
10472,3.0004
2879,3.006
5586,4.6246
5995,4.6262
30391,3.5342
2809,4.0948
29958,3.8124
24347,3.7686
5723,3.1138
24861,4.0862
12438,3.113
6380,3.1
24762,3.8362
9708,2.7836
3036,3.6748
16626,3.7474
19509,4.0958
296,3.7294
10171,3.5212
28277,3.6266
12646,4.627
17845,3.0956
8909,3.8106
19989,3.649
22334,0
10221,3.1266
31436,3.1958
3978,4.2468
10524,3.1648
8152,3.7268
18876,3.7524
3185,3.576
1893,3.2798
15367,0
8977,3.6496
27643,4.6282
4297,3.7184
19463,0
13836,4.1392
23757,3.7924
18989,4.1658
15296,0
22177,0
20951,3.8024
14936,4.202
3776,3.7824
13593,3.8192
13315,3.1792
31708,4.2114
8405,0
25099,4.2324
21306,2.7502
8627,4.203
12956,4.0756
25735,3.0454
8476,3.068
16135,4.1718
8529,0
11499,3.6858
29657,4.1708
15150,3.7134
17288,3.6652
26678,3.6454
19529,3.6698
5215,3.6298
788,4.1164
3028,4.2054
26863,3.5908
21756,3.559
2770,3.0968
12960,4.0554
20379,3.231
22489,3.0942
14429,0
24791,4.0902
8252,3.0942
31960,3.2024
16238,4.051
23999,4.6302
2707,3.069
15493,3.7454
16480,0
22495,2.8828
20415,3.8836
30092,3.647
27868,3.6476
17257,0
23138,3.1134
3363,3.0482
11575,3.7088
7046,4.1098
1977,0
19889,0
23960,4.6306
12367,2.803
6858,3.6724
14654,0
7620,4.1798
29394,4.1658
6775,2.722
30949,3.3786
9474,2.36
19820,4.2402
1008,0
26753,3.7944
16067,0
2199,3.7538
27220,3.0638
3506,2.8994
21759,3.186
3304,3.628
30644,3.0836
31270,4.1272
21241,3.7594
8944,3.7928
31860,3.173
9872,3.2206
2497,3.6082
9622,4.2726
5389,3.729
18073,3.7856
27501,2.9406
20657,4.2256
18259,2.9178
24620,4.6312
22780,4.1134
3890,3.0952
18549,3.8122
1280,4.0812
25914,3.571
508,0
28474,4.0928
15350,0
13060,4.6312
20432,4.122
18954,4.2318
15824,0
27677,4.1548
1410,2.8706
28736,0
11180,2.9398
15045,3.5794
5373,3.7322
11114,4.2688
22218,0
25686,3.6826
18715,4.118
8223,3.7226
7525,4.216
9958,4.1528
15970,3.5782
28753,0
28202,0
6355,3.1862
13898,3.1138
8677,3.2804
14454,3.6838
982,3.6308
8792,3.1296
8665,4.146
29371,3.0868
24513,4.1168
16856,4.6314
5721,3.185
29206,3.7378
14384,3.822
28295,3.256
12943,4.15
17338,3.0536
26406,3.848
23479,0
16663,2.994
28337,0
15006,4.1018
11748,3.544
16936,3.1764
13803,4.1454
30676,3.7248
7602,3.7762
2402,0
14004,4.1044
18760,3.7622
30194,3.1014
30102,3.6142
22138,3.2244
19290,3.1996
6212,3.773
17248,0
14134,4.2564
13045,4.3638
27701,3.7042
545,3.2492
14357,3.6164
11593,3.2022
12528,3.5568
5951,4.0918
12114,4.1808
20605,4.2144
26817,4.1578
29705,3.7898
13745,4.6322
25430,4.0526
1563,3.759
22346,0
26880,3.4
13770,3.8108
4811,4.1238
18578,3.7422
24969,3.7786
12988,3.7984
19622,3.6874
12122,4.2036
10196,3.1196
11451,3.5532
30927,3.681
3961,4.6324
17549,3.7492
24886,3.6584
4131,0
22941,0
21312,3.057
31077,3.3104
7516,3.6794
9422,4.6324
24108,4.3008
17007,3.1186
30594,3.6744
27270,4.2608
22092,4.1008
3196,3.1952
18001,4.6324
22626,0
22733,0
16782,3.306
25984,3.6762
6709,4.1226
12725,4.1234
232,3.0754
5385,4.0286
21923,3.7504
29057,0
28611,0
19063,4.0846
11238,3.5514
22685,3.6368
2992,3.8128
12526,3.214
27450,3.6546
24211,4.0334
20123,4.2612
28783,3.646
8744,3.8224
6728,3.7034
1660,4.125
26958,3.6478
19056,4.1334
10353,4.3116
29740,3.1582
4894,4.1466
4152,0
4802,4.159
28640,0
28982,3.2248
16041,2.6574
22200,0
26981,4.1822
5139,3.6962
17419,0
13763,3.7384
12990,4.057
20315,4.1188
3810,3.7414
26088,0
2056,0
27024,4.0244
16141,4.6332
8462,3.2116
4517,4.6344
24290,4.146
1424,2.9764
6047,3.7104
21061,3.6974
25701,3.5864
29052,0
10826,4.2168
1577,4.1002
22326,0
11898,4.0336
11464,0
3137,3.6752
31878,3.5808
12102,3.8174
9822,2.8794
1763,3.7412
13811,3.7868
10252,3.217
25220,3.8356
19631,3.7618
24917,3.1648
7880,0
14693,3.6908
19911,3.7596
9502,3.5936
8946,2.3544
19802,4.6346
27808,3.2218
24381,3.7784
11577,0
10338,0
5091,3.7796
2308,4.1
6535,3.135
10470,0
10698,4.066
4223,3.7598
30866,4.1318
15878,0
12270,3.6338
1294,3.6732
19370,3.0554
10444,3.7436
24156,4.1978
21633,3.2124
7212,3.2186
11790,0
10563,3.5664
16142,4.1444
18855,4.1276
31491,0
1840,3.7158
2696,3.0692
13178,4.1092
9141,4.3078
7532,4.1772
28535,3.1716
5386,4.0556
12478,3.5518
10484,0
29523,0
20392,3.136
7932,0
28626,3.054
13775,4.1192
14343,3.1126
22347,0
10573,3.5536
16666,0
5009,4.114
5336,3.6532
20328,3.8138
11028,4.2966
3082,4.31
2044,0
17967,3.7602
28563,3.6642
7307,4.198
28391,4.1894
10982,4.635
25745,3.1644
19945,4.097
30753,3.0894
18254,3.6544
21754,3.6258
16484,3.2922
26780,3.8298
22823,0
3152,3.1808
6043,3.7134
11789,3.0892
4264,4.2434
991,3.2184
27785,3.572
17624,3.1812
25552,3.815
27482,3.0248
30848,0
799,4.1226
24837,4.1472
15476,0
8775,3.5652
14380,3.8562
15580,0
25989,3.6392
27367,4.6352
6623,4.1844
7249,4.6354
30782,0
4509,4.2328
15812,3.7436
17774,2.972
24477,3.6936
7797,0
1223,3.1022
17593,3.7044
11479,0
27804,3.6444
20028,3.6388
14548,4.1396
9706,2.6124
19391,3.0728
21155,3.7656
10258,0
11296,4.062
24547,3.6328
8669,4.0544
29086,0
29388,4.6356
15334,0
10012,4.1744
27922,4.1042
11680,4.084
31307,3.541
4012,4.1854
12872,3.124
20726,3.791
6628,3.7538
19127,0
27334,4.1572
17371,0
14024,2.98
28555,3.6618
16723,3.6054
17681,4.292
9765,3.1314
8386,3.1354
1112,0
3575,0
24641,3.858
6852,3.577
25864,3.7188
13903,3.0796
17837,3.2074
27702,4.1678
30876,3.8738
22853,0
6909,4.0978
8419,0
15418,3.117
1637,0
27253,4.6372
7472,3.652
7677,3.614
19190,3.6922
7196,3.3054
23741,3.047
16981,0
27687,4.216
3546,3.7132
29274,3.1404
24757,4.1032
17771,4.1332
4580,4.1582
5396,4.0538
31692,0
13939,3.151
30523,4.18
19471,0
23339,0
7969,4.0674
28726,0
29700,2.3596
9744,2.8936
10786,4.2026
29309,4.13
11400,3.7744
8138,3.7586
22892,0
20622,4.6378
16531,3.8172
8911,3.8108
18772,3.7274
11558,0
24608,3.5706
27639,4.1224
8747,3.7942
24380,4.1914
29320,3.1112
12803,3.1676
15102,2.8886
29053,0
2956,3.625
20730,3.854
17690,4.2518
31098,4.0496
22369,3.741
21188,3.7488
2116,3.6602
18381,4.0558
571,3.6424
27845,3.2866
30234,0
23336,0
12921,4.2866
12136,4.6384
1726,3.6876
31363,4.6386
21626,0
28806,3.1512
24843,4.0402
8817,3.0218
21974,3.32
2128,3.208
25879,4.0604
17873,0
14603,4.1198
14660,4.195
5632,3.7266
16707,0
22997,0
16882,3.7914
31792,3.827
24586,4.188
15851,0
29183,3.7088
17881,4.1362
23232,0
19255,3.1544
5614,4.1678
18853,4.1476
1189,4.237
35,3.7274
1856,3.069
9353,4.2822
26803,4.135
21054,3.8694
5356,3.6488
1578,4.093
31701,4.1836
9644,3.7468
5508,3.7122
18904,3.1916
3727,3.1582
13625,3.7844
30296,0
6570,4.1818
1529,3.1798
13184,3.787
31002,3.7886
10085,3.7074
2227,3.6896
4203,3.7712
17439,4.2052
6509,3.2476
8339,3.1952
29809,3.0288
9639,4.1972
11858,0
18110,4.3108
31722,2.9968
19196,3.6956
19754,4.214
1754,2.339
17080,0
27459,3.695
16777,3.613
5504,3.6952
20753,3.8194
15077,3.7818
20478,3.8528
20496,3.711
29419,3.7214
25780,0
17115,2.6944
25836,3.7164
390,3.563
3428,2.8304
31121,3.8264
28817,3.6182
31784,3.7442
29192,3.6782
28121,3.6502
12288,2.8926
21228,4.1224
12396,3.7968
28748,0
19714,4.2044
20692,3.578
26138,4.266
23034,0
18538,3.1116
10411,4.0692
18809,3.769
29755,3.271
2178,4.1344
14011,3.6678
21919,3.8204
12729,4.1978
10863,3.574
28554,0
5439,4.0422
25225,3.8252
23644,2.9906
18159,4.219
24050,4.2894
26794,3.8236
4965,4.136
1435,3.63
27993,3.1054
13018,3.7282
13487,4.0526
764,3.7466
1905,4.0518
5889,4.0854
16068,2.8394
2602,3.6952
25871,4.0776
30299,0
8027,4.061
25523,0
8354,3.0956
23283,0
21242,3.764
2825,3.1538
2173,3.809
3952,0
8882,4.2158
17053,0
5172,3.186
28534,3.2886
16324,3.69
2606,3.698
13065,4.6408
2317,3.6078
24270,4.2516
14069,3.8188
18628,4.1284
21758,3.0674
17049,0
30861,4.1884
10932,3.2738
14520,4.6412
21293,3.719
28433,4.2206
5445,3.7216
9853,2.9106
21841,3.0974
27782,3.7296
29009,0
24315,4.1574
6765,3.7372
18685,4.1794
7009,3.7584
11888,4.101
23135,0
3183,3.742
12290,2.8882
14284,3.742
19777,4.2578
10642,4.2914
19496,0
22902,0
13256,3.5912
9589,0
15640,0
9131,4.2816
20342,3.6878
16740,3.7474
11127,4.224
18042,3.7926
12084,4.2086
18187,4.2788
4879,4.1608
4726,2.9704
31109,4.1176
18462,3.8308
10125,3.7994
2982,4.1456
17875,0
26270,3.6522
22729,0
17645,3.1132
15570,0
1788,3.0644
12083,4.643
3749,4.2096
17148,3.3044
13006,4.1402
21059,4.1198
27871,3.6366
25762,0
3531,3.0244
23267,0
25120,3.8174
18138,4.6446
1054,3.8114
31021,3.7056
17615,0
18087,3.707
4948,4.2846
26153,4.6446
7916,0
25135,4.1782
26629,3.8526
19353,3.3334
16034,2.7286
25512,0
18004,4.1766
30443,3.6938
9858,3.5184
18243,3.7116
13630,3.7966
16918,3.813
7248,4.6446
853,4.2652
25876,3.6548
16019,0
8576,4.2872
16085,2.925
19718,4.6448
28236,4.1126
27806,3.6164
15481,4.645
26837,3.8462
6696,3.046
20735,3.0868
21878,0
27953,4.0934
8315,3.6546
5221,3.0854
9241,4.197
29836,4.2308
8119,4.0844
28620,0
10848,3.5774
8513,3.1332
783,4.1188
3320,4.6452
12648,4.1602
23760,2.894
20799,4.061
287,3.801
9732,3.7786
13688,3.8178
16758,3.8136
16966,3.652
2436,3.0982
2445,0
3730,3.0684
30466,3.0896
10513,0
6605,4.1486
8993,3.1636
20227,3.282
4479,2.227
14911,4.2392
22667,0
28332,0
7185,3.5094
11876,3.783
27696,4.1418
12105,4.2318
8228,3.034
10850,3.642
13330,4.2622
11217,0
7044,3.7384
4020,4.1406
23231,0
19327,3.0462
16357,3.6048
20681,3.7926
25357,4.1658
18340,3.8236
29850,4.6454
25029,2.983
26670,3.643
27669,4.1596
27252,4.2354
17118,0
1953,3.1434
17755,4.152
19828,4.269
15518,0
24668,3.6028
5121,3.727
4566,4.1336
2503,3.8298
12848,3.7738
17047,0
24600,3.7882
16131,4.6456
7992,3.293
9943,4.219
24912,3.1884
31185,0
26000,3.6942
2257,3.678
4493,3.1068
3606,3.7294
22709,0
30713,3.5062
29694,3.8212
13311,3.5442
8688,3.2936
3108,3.7532
31146,3.6686
15922,4.097
9797,3.7928
5884,3.8106
21490,3.8352
19880,3.6528
6669,2.3706
22414,0
14547,4.1386
4613,4.646
11601,0
5568,3.0658
19803,4.646
15120,2.8218
17957,3.6822
9481,4.0474
26626,4.1426
7442,3.7278
14739,3.2182
31236,4.6462
31909,3.1024
31706,3.667
14325,2.8418
23410,0
10079,3.7578
27661,3.707
19770,3.8056
284,3.8112
21092,3.7604
10951,4.6464
22184,0
27366,4.6464
20763,3.0908
11999,0
20684,3.7428
17860,0
31532,0
9657,2.8134
31459,3.1618
11287,3.5782
5381,4.0754
26515,0
20125,4.1282
12103,4.6474
4087,3.1392
25016,3.7402
18967,4.267
13532,4.233
29877,4.1344
28894,0
23258,0
16503,3.6364
5872,4.064
1256,4.1502
23248,0
20117,4.2576
8330,3.69
24100,4.6476
23771,3.1372
13422,4.2222
16651,3.1714
25564,4.0822
24423,4.1058
24534,3.6486
12188,4.198
27746,4.038
17634,3.197
13491,3.8224
4472,3.7854
30739,3.2478
19319,3.5758
31397,3.207
26879,3.205
30232,3.5464
4388,4.112
7349,4.6482
15126,3.6584
12571,3.2464
1197,4.1134
5450,3.6882
17360,3.2032
15945,3.5574
24555,3.1116
1014,3.2416
2553,4.1332
7890,0
19347,3.5614
16328,3.7778
24590,4.1588
28642,0
30191,3.604
19295,3.1996
4901,4.2092
18209,4.6484
23889,4.1306
5281,4.0816
28373,0
20134,4.2852
31542,0
14187,3.1856
7226,3.0414
9611,0
21780,3.6262
26617,0
25239,3.8176
16011,3.0244
15688,0
16371,3.633
12055,3.2734
12794,2.9482
9964,4.1646
31638,3.183
13368,4.1074
11382,3.0468
27575,4.0918
1239,0
1252,4.13
9842,3.7368
20711,4.0836
31389,3.6632
27097,3.7452
14831,3.213
6652,3.6474
16597,3.1232
29212,3.6754
19129,0
2464,4.2724
18224,4.1638
3449,3.701
27910,3.6652
16603,0
12658,4.2712
24054,4.2178
28344,0
23634,3.644
26706,3.1258
4289,3.8212
22566,3.8094
14142,4.2486
6340,3.7188
30481,0
5610,4.064
23287,0
16623,4.0564
27662,3.7162
16350,3.6898
148,4.0974
6761,3.7896
5307,3.6016
18726,3.684
11711,3.628
11298,3.2064
29270,2.9612
25913,3.6508
31017,3.2794
9149,4.2612
43,3.7924
15252,0
28793,3.1804
4773,3.7594
10440,4.226
23380,0
8231,3.1156
20633,4.2048
22255,3.588
19774,4.2242
24448,3.7976
17287,3.1534
5252,3.1384
29969,3.7372
25218,4.1574
10508,3.0732
21178,3.1312
25969,3.845
31690,0
25662,3.7754
8046,3.7534
15693,0
14562,4.239
13754,4.1874
3593,3.1074
4158,0
14386,3.734
14845,0
7223,3.068
4637,4.22
11162,3.7674
27951,4.0942
15160,4.1788
4257,3.6856
22820,0
15320,3.696
21978,0
23763,3.6256
30591,2.8126
5948,3.6316
11767,3.5678
25945,4.1564
19047,4.6494
28913,0
3884,3.2388
26142,4.6496
3470,4.0788
22560,3.8078
28925,0
30517,4.1634
8979,3.0182
8483,3.1318
10586,3.199
25118,4.2272
13706,3.687
25448,3.8224
10224,3.117
18326,4.2786
12770,3.6076
2650,3.7332
24470,4.0792
26206,4.2332
17855,0
22084,3.704
23160,0
3359,3.7688
11406,3.7744
19243,3.6832
10597,3.2078
16225,3.634
29992,3.2952
10956,4.6502
7735,3.7158
6060,3.0328
12060,4.6502
24077,4.6512
10803,4.1312
26449,3.6394
15795,0
24950,3.0052
3704,2.99
7987,3.319
24607,3.5518
10474,3.1418
21549,3.741
19795,4.2542
14165,4.6512
10835,4.2006
23432,0
30631,3.1564
10023,2.6478
24311,3.831
27586,3.7064
5028,4.1534
19302,4.0666
13861,4.1758
11318,3.7502
29721,4.1138
8061,3.5382
31787,3.7796
6917,3.5916
17363,3.2594
17857,0
12914,3.0668
29452,4.1876
23520,4.089
17856,0
29202,3.2438
1411,3.0694
29742,2.3652
28455,3.8282
28443,4.1872
23793,3.8136
20940,4.0976
6813,4.0916
10814,3.8334
21872,3.1044
29149,4.2054
534,0
5094,3.7792
7313,4.2082
25507,3.1842
29514,0
6806,4.1578
25826,4.1172
22311,0
15944,3.6242
20668,4.1936
24186,4.1898
10315,0
29485,3.1262
23781,3.853
17341,3.0898
28619,0
28847,3.226
9520,4.3474
16546,3.6612
30156,3.2018
29977,3.7434
25223,3.8112
19628,3.146
17352,3.2456
15538,0
1715,3.6214
6677,2.381
11206,3.5966
11086,4.6516
20697,3.2432
26968,3.213
9726,4.0322
26553,0
31560,0
29730,3.6416
1100,3.0972
19577,3.7324
20935,4.0768
10872,3.231
24699,3.5826
17916,2.8264
9521,4.0634
9994,0
26119,0
23640,3.7024
4162,3.8448
17237,3.185
10179,3.1074
20306,4.1922
16794,3.158
28288,3.1642
21908,3.7236
27863,3.7168
26887,3.1738
31332,3.332
11763,3.8086
11770,0
1123,4.246
11230,3.0632
11395,3.6796
17315,0
1261,4.0844
25103,4.2184
27069,3.645
21550,3.6484
9489,3.0914
7906,0
1436,3.5952
22838,0
31803,2.8386
9239,4.6516
27601,3.7138
266,4.1128
3980,4.6522
23868,4.1716
29555,4.3014
10701,3.7562
19053,4.151
5920,3.5912
7072,0
15847,0
5805,3.748
4759,2.9652
6211,4.1174
24743,4.218
15373,0
151,4.2208
3489,3.655
9044,4.2404
18962,4.2842
31957,0
31765,3.7038
8137,4.0846
14983,4.6524
24611,3.534
27134,3.6882
5253,0
25741,3.0522
27071,2.9642
22637,0
23057,0
9157,4.2146
7204,3.2266
31442,3.3272
6536,3.1916
27144,3.6526
18250,3.5884
23280,3.5368
9176,4.2606
5688,4.6526
31514,3.2532
7015,4.1676
24110,4.6528
13035,4.6532
21133,3.8418
5639,3.8098
27831,4.1224
8068,3.5578
17545,0
23918,2.8372
5628,4.1626
26971,3.1012
5247,3.1962
12454,4.146
14591,3.7784
25784,0
21522,3.1302
24362,4.1392
320,4.1572
21728,3.2748
20747,3.814
2083,3.0564
19903,4.6532
8895,3.8056
24036,4.2546
4874,3.2874
14539,4.1358
24457,0
27720,4.1218
7528,3.7204
7310,4.1794
6264,3.5998
4705,3.813
9679,3.765
2291,3.733
11302,3.5902
3044,3.6858
24839,3.8264
4764,3.6762
30656,0
24506,3.7372
27063,3.732
295,4.2568
12949,3.8008
12890,3.3236
25293,2.9694
11271,4.0936
25106,4.2162
18491,4.0446
2394,3.2428
7254,4.6548
25621,4.6548
20251,3.217
927,3.774
19985,3.1868
4311,3.665
24105,4.3154
16784,0
872,3.069
11465,0
28386,3.715
25703,3.7708
19598,3.6276
22940,0
28470,4.0512
25910,3.6196
18693,4.2368
2818,4.126
17903,2.837
17179,3.167
9586,0
7421,4.1894
8127,4.075
1855,3.6478
24473,3.716
25445,4.1908
25726,3.2022
1486,3.6968
27433,3.1772
22947,0
19242,3.1618
2571,4.1598
29847,4.657
1209,3.544
11450,0
17250,3.2302
26884,3.4964
2822,3.7674
17927,3.7746
20283,0
26455,3.2268
18635,4.0532
2487,3.0882
10479,0
8474,3.145
12256,2.3324
31137,3.7888
19373,3.0572
19013,3.7922
20201,3.7384
26589,0
14984,4.657
19855,4.2284
11946,3.7396
9669,4.1828
28420,3.8446
28509,3.7576
2712,3.067
16042,2.7926
5877,3.6928
28070,0
28668,3.5376
17266,0
25560,4.2426
8716,3.32
30106,3.7348
15822,3.7184
6435,3.1
168,3.7722
29214,3.719
12029,4.0608
30207,3.0396
1765,3.6824
15548,0
2613,3.1346
24022,4.6578
31892,3.181
26374,3.815
3913,3.6638
10060,3.816
13696,3.7518
6483,3.7504
16217,4.6578
26928,4.1548
29100,0
3628,4.6586
19614,3.6338
3786,4.096
249,0
16345,0
16046,0
23180,0
30069,3.0854
466,3.0914
517,0
23512,4.1812
8850,4.1964
15499,3.6518
16039,2.7036
14528,4.2002
17704,4.2206
9434,4.212
26046,3.6756
25902,3.6382
5440,3.6098
17633,3.6328
22004,4.6592
1130,3.0222
9588,0
5646,3.7914
8592,4.6598
13039,4.6604
8841,4.2308
18082,4.0452
11052,4.6604
17623,3.56
18784,3.2196
3247,0
10600,3.606
10228,0
7071,0
11614,0
24970,4.0366
9265,4.2442
12824,3.2484
1783,3.6078
16413,4.1408
30588,3.6942
15686,0
24133,4.205
21352,3.6826
12332,3.2626
31418,3.1698
25132,4.2404
28203,0
20859,4.1818
25140,4.26
4829,3.7372
15065,4.1568
21707,3.2994
13483,4.0798
19112,3.1502
21525,3.6888
25190,4.1712
3457,2.9142
4833,4.1076
24850,4.0902
13927,3.6274
14083,3.8532
14009,4.0696
29971,3.6638
27847,3.7842
8876,3.8524
6083,3.0806
1461,4.1272
23328,0
20165,4.189
1182,4.1898
30362,3.5562
4344,0
25429,3.7078
21380,0
766,3.7652
30643,3.5698
7255,4.663
11192,4.1668
22386,3.1556
28909,0
12099,4.21
17919,3.8124
23437,0
1162,3.142
16528,3.795
30088,3.191
23253,0
13873,3.7438
21038,4.0566
22145,3.1836
8153,4.0708
24446,3.8082
20514,3.1292
24033,4.2704
7359,4.2422
12704,3.831
7409,3.755
22933,0
10755,4.2176
9890,4.3236
31806,3.7176
2320,3.5908
17809,3.5088
17223,0
31622,3.0918
21897,3.7996
19513,3.0938
10668,3.7508
11672,4.1408
1399,4.1142
19556,3.7954
15388,3.6032
3897,0
22945,0
10038,3.8348
29994,3.6546
4729,3.7598
4447,3.6538
20594,4.2044
2869,3.188
4354,0
14814,3.6252
5636,3.8272
11092,4.6632
14627,3.0092
16115,0
3286,3.157
641,3.6294
16718,0
12160,4.6632
25244,3.7074
27303,4.1722
21463,4.0806
19664,0
12409,3.0436
4501,4.6636
9162,4.6638
16912,3.8266
422,3.3206
11731,3.248
6968,4.1504
16633,0
3627,2.9328
14299,3.5472
4475,2.9054
19252,3.5958
16216,4.1024
26189,3.8448
9223,4.1996
15986,0
8450,3.0924
26724,0
12997,4.1096
26537,3.1616
28074,0
223,3.7098
8096,4.1258
15881,4.112
11183,4.2896
26485,0
873,4.6642
12701,4.146
24867,3.7832
27320,4.1658
31116,4.112
386,3.6818
15959,3.625
689,4.0682
12722,4.227
25824,4.1692
7964,3.7242
24987,3.5982
1972,3.079
29166,3.7674
14305,3.0458
29922,3.8512
22572,3.2226
2327,3.7076
13100,4.1936
23661,3.1394
647,3.2292
3876,0
6782,3.6748
25537,3.242
20731,4.0512
20937,4.073
31365,4.184
25318,2.9834
24493,3.8574
22024,4.222
13488,3.8002
8334,2.8464
17819,3.0814
15214,0
31308,4.1464
30334,3.7642
3699,3.63
8623,4.6654
25278,3.6442
6625,3.7312
680,4.666
29416,3.8124
31811,3.0196
24813,4.0664
10813,3.7668
17220,0
23912,3.831
13930,3.1008
25321,3.0048
30859,0
7761,3.595
16488,0
31576,0
9049,4.246
14618,3.793
28130,0
17301,3.5946
18657,0
16895,3.7594
233,3.0102
3533,3.6034
28445,3.7334
29132,0
28259,3.7928
20571,4.151
19070,3.6426
7731,3.7466
9330,4.6662
21868,2.976
75,3.6288
22558,0
22555,3.286
1184,4.2056
8182,4.1196
21332,3.1316
2388,3.6818
21093,3.8514
2583,2.2956
795,2.968
7224,3.0748
23299,0
7945,3.7938
10821,4.0406
16010,3.5658
2547,3.7286
1711,3.6964
499,3.2342
12959,4.1242
9464,3.743
22201,0
16553,3.3114
10955,4.667
14706,3.1498
10819,4.2008
14404,3.0714
29811,3.1934
261,4.1802
29726,3.682
12178,4.2424
15907,4.1386
24840,3.844
12573,0
28893,0
3822,3.6978
16580,0
18833,3.189
18036,4.1348
27423,4.0886
13886,3.0632
5294,4.0594
31669,0
2931,4.1444
6008,4.1032
9405,3.8078
4809,4.1322
28439,4.131
26393,3.5488
19955,4.0488
9824,2.8766
121,4.6688
23481,4.669
18735,3.6582
9745,3.5328
12058,3.2744
14329,2.888
2849,3.6692
3787,2.7392
17317,2.976
13504,4.0384
9523,3.8154
22851,0
14032,3.574
1935,0
8139,3.7514
10461,3.5844
13764,4.1334
15480,3.6916
6949,3.6794
5487,3.6652
31056,3.3108
15886,3.6542
5077,3.7676
19738,0
11552,0
17289,3.6014
5820,3.136
4416,4.0266
6464,3.7694
18364,4.1016
2970,3.6666
31773,3.7144
22487,2.8486
24930,4.1798
13054,4.6692
29068,0
13332,4.09
22699,0
22025,3.665
5900,4.0974
16627,0
11729,3.6164
6168,4.0634
5394,3.7516
30987,4.1006
27488,2.9428
23048,0
29822,4.6696
3098,4.0542
24713,3.551
30107,3.2298
6665,3.7364
10921,0
21618,3.2028
17758,4.2416
31383,3.2662
11522,3.1472
4306,3.7094
22223,3.6768
2537,0
25637,4.6696
15669,0
7513,3.0756
21870,3.067
29832,4.6702
28804,3.6074
20180,4.1404
16469,0
24893,3.6822
6219,3.7236
4321,3.6564
10166,3.3074
3248,0
14969,4.2324
17181,3.753
781,4.093
23009,0
10511,3.011
25719,3.7412
18705,3.6832
17391,4.0528
29536,0
9758,3.0076
29791,2.9966
20316,4.1404
5186,3.5818
31443,3.1652
31524,0
13993,3.0572
28195,0
11197,4.05
17378,3.5618
18658,0
4825,4.1786
15534,0
13341,3.7546
6120,3.7374
6703,3.7232
25618,3.1706
13952,0
26662,3.7382
7383,3.6186
1692,4.1264
24060,4.6718
2077,3.048
28816,3.1866
91,3.2002
17097,0
190,3.775
16360,2.9808
14483,3.7722
20936,4.1156
14773,4.1368
13891,3.0844
25328,2.9948
326,3.73
7187,3.08
5141,3.8112
6676,2.7304
4631,3.8482
22508,3.7196
15386,3.1132
196,4.2204
3061,3.637
16699,0
19696,3.7712
12591,3.6104
2727,3.286
26218,4.2096
13942,3.1376
8484,0
22698,0
18722,3.692
31127,4.0424
803,3.7576
6995,3.0878
22170,2.9278
24634,4.0146
7862,3.1374
1874,3.6428
30420,4.1048
25002,3.0066
1119,0
15833,3.1008
2649,3.7256
16790,3.2108
11980,3.1742
18537,4.1016
26364,2.9754
30252,3.1576
9262,4.2102
17950,3.7236
19037,3.016
26830,3.7928
8014,0
14695,3.6158
5194,0
25405,3.8266
21361,3.0288
8577,4.211
15695,0
5131,3.6944
6567,4.1348
25048,4.3002
28218,0
7486,3.656
16631,3.6146
11822,3.112
4071,3.6232
20346,3.6136
16704,3.0742
11379,4.1448
30737,2.9138
1956,3.1784
25597,3.664
26868,3.5674
30263,0
5216,3.5856
20638,4.673
4770,2.94
29959,3.7362
25125,3.8552
24865,4.0366
22057,3.7616
21419,4.097
22757,0
24028,2.8508
29581,4.2652
3171,0
17431,3.774
24320,3.7754
20956,4.141
5881,4.101
27406,3.8404
11956,3.7038
30671,4.1112
16405,4.0978
8794,3.6752
4202,4.1506
16319,3.6124
15867,0
12204,4.0364
16867,3.7368
2999,3.756
7018,3.793
20105,4.6744
15828,0
12419,3.7618
29364,0
18116,4.6746
16139,4.6754
5950,3.6376
12613,3.2434
8750,3.7848
8495,3.2334
6439,3.1104
20710,3.7818
23069,0
24561,4.1124
28309,3.7096
17252,0
11676,3.1138
30372,3.2018
29408,4.1388
23951,0
11613,0
15831,3.7152
20014,4.06
14168,3.851
23342,0
7143,4.2014
11203,3.5528
29119,0
20132,4.2142
17241,0
3338,3.6304
28366,0
20508,3.824
19336,3.5392
5932,3.6638
27356,3.7528
17,4.1924
10455,0
26433,3.8236
22494,3.7476
26797,3.3178
19943,3.0934
30958,3.3476
10232,3.1258
26003,0
2637,3.0622
24765,4.2214
30839,0
22196,0
20489,4.047
9926,4.2886
1600,3.6646
2177,4.1212
23705,3.8864
24246,3.8476
18420,4.6756
11462,0
19957,3.0828
18598,3.0614
16285,3.1198
2456,0
6399,3.08
31517,3.0936
17576,3.0356
1942,4.125
14888,4.212
5634,4.1304
24630,4.1066
7495,3.5792
12919,0
11814,0
18527,4.1004
28038,0
24926,4.1556
1391,3.7394
28771,3.6764
24939,3.8036
16137,3.1834
8976,3.645
2964,3.6516
6485,3.7552
12628,0
18958,4.228
2767,3.0488
5550,3.7872
16455,0
31849,3.6818
6981,4.229
4923,4.2126
2372,3.2144
7373,4.1248
1827,3.727
28878,3.171
1376,3.1142
20407,4.2494
30361,2.853
14264,3.8468
23976,4.677
10717,4.1062
23295,0
11532,0
5584,4.6772
5070,3.0068
17458,4.0754
14049,3.5728
12451,3.7192
26897,0
27117,3.8134
13944,3.1336
406,3.262
6648,3.6638
17962,3.6804
18686,4.2526
9406,3.8066
23038,0
26511,0
4429,3.7528
8414,0
14376,4.0718
9766,0
21828,3.101
19451,0
1707,3.6748
22976,0
27960,3.7862
6970,4.1786
29443,3.7654
21108,4.1782
18646,3.1326
26940,4.0566
30497,0
27635,4.1716
28954,0
8058,3.2842
11989,3.1032
30963,3.2622
26407,3.8008
4582,4.6776
510,3.104
823,4.1832
11600,0
16029,0
21251,3.7296
26461,0
8434,3.7746
27244,4.6776
30306,3.767
13517,3.82
31027,3.337
27290,3.8382
18902,3.2286
17510,3.6498
17526,4.1228
2413,0
14432,0
17569,3.7588
11303,3.8166
12866,3.7108
17028,2.981
3014,3.7556
18033,4.185
24920,4.219
3868,3.1306
7356,4.2564
16736,4.1234
30951,3.3872
2506,3.771
31938,0
8997,3.154
5875,3.7898
1955,3.666
10584,3.563
8418,0
23851,4.2176
20260,3.3186
11188,4.1428
26028,3.741
8891,4.1198
14754,0
7542,3.7488
27865,3.621
11068,4.6806
29762,3.102
6332,4.233
21925,3.1652
3677,3.0658
30918,4.0914
4237,3.7516
18225,4.0596
21559,3.2916
12316,3.0202
26824,3.8138
3474,3.6594
26841,4.2466
25933,4.1158
9128,4.2964
20874,4.1292
17669,3.2434
22425,3.6364
10088,3.1636
12827,3.172
28164,0
26595,0
3440,4.2112
4075,0
30239,2.9062
16940,0
10335,0
23555,3.7638
10013,3.5512
27004,3.7366
12737,3.7824
31547,0
21047,4.0916
3923,3.1178
20226,3.1934
3827,3.2404
11336,0
6203,4.1242
1870,3.6142
26327,4.1562
27472,3.2094
5354,2.982
9033,4.6844
1797,0
26513,0
119,0
10667,4.0672
8172,3.7598
5452,3.6836
4438,3.7448
23846,4.1154
24972,4.0092
4304,3.6382
5869,3.7338
24343,4.1364
15527,0
24275,4.125
6045,4.6886
25847,4.1134
9452,3.7772
22118,3.7022
16004,3.709
10675,3.7298
3401,3.6734
12511,3.2406
29779,3.6192
555,3.6402
394,3.6432
31368,4.108
18384,4.1308
29038,0
27983,3.6676
9632,4.2594
19868,4.1692
13398,4.1034
13157,4.1736
2655,3.7722
12135,3.8482
23445,0
12140,4.182
452,0
5996,4.169
6510,3.1544
169,3.679
8043,4.0648
23303,0
4296,3.7458
19854,4.1704
22697,3.1486
10326,0
3898,0
9891,4.3432
9665,3.6978
5088,3.7828
23547,4.1562
26391,3.7082
30216,3.1416
20533,4.689
16898,4.1964
11979,3.1852
10131,3.7034
30284,3.1134
24696,3.5396
2310,3.7076
24851,2.7796
20250,3.2014
23375,0
9400,3.7814
16446,3.271
16346,3.7096
478,3.3334
28314,4.104
21629,3.164
24360,4.69
4725,4.149
16714,3.1006
30230,2.9204
8225,3.085
25540,4.6912
7526,3.7624
13981,3.259
29278,3.05
29298,0
1279,3.7044
25209,4.0804
23881,4.1836
14190,4.1166
11632,3.604
26454,3.3344
2892,3.7154
20262,3.242
10866,3.3104
2147,3.669
24986,3.753
29940,4.2362
8836,4.2364
18753,3.7676
7974,3.7386
18342,4.1998
20654,4.2586
23382,0
27456,3.6902
25129,4.1878
9052,4.2166
2109,3.7524
18692,4.2652
2739,3.2034
2619,3.6122
12104,4.6916
17158,3.5532
4425,4.0764
16934,3.747
16093,0
31303,4.1856
29393,4.2138
18037,4.1304
15116,2.926
13028,4.692
1151,3.7442
23361,0
25261,3.6238
11918,4.0922
25919,3.7188
1496,3.0994
31144,3.7302
7749,3.1818
13098,4.2024
5697,3.7724
24710,3.5504
15560,0
7319,4.2214
888,3.8094
19279,3.6604
30364,3.7254
15358,0
18260,3.6898
16430,0
2190,4.203
14437,0
17152,3.0328
15460,0
25944,4.1286
12597,3.6064
18034,4.1108
29217,4.085
13924,3.1676
17981,3.0872
30008,3.643
31286,4.0592
14613,3.7464
18798,0
133,3.7738
1422,4.0738
27812,0
20198,4.1488
7,4.1406
5097,3.778
7292,4.1896
14478,3.6692
19690,0
21035,4.1382
29543,4.2958
13020,4.6922
31572,0
16523,3.688
5115,4.1318
22536,3.2642
5595,4.0702
18824,3.6688
24956,3.7568
13512,4.0586
21678,4.0094
14731,3.1656
4403,4.054
13238,3.714
12842,4.1144
4633,4.1958
6795,3.785
13293,3.2212
20402,4.6928
13641,3.7822
25538,3.1702
5876,4.6948
20363,3.1826
16027,0
6291,3.6244
24329,3.7978
11994,0
14422,0
25368,4.1064
13076,4.6948
5458,3.0714
4386,4.119
26068,3.082
20085,0
1019,0
14833,3.2808
14374,3.81
17986,3.1004
23310,0
13834,4.148
9894,4.6954
8389,3.1058
10136,3.5958
28966,3.122
19251,3.6294
21866,3.1332
28715,0
8329,3.0302
20761,3.7424
29887,3.8238
6028,3.7564
2349,3.5766
9673,4.139
31306,3.7684
28670,0
28224,4.1836
19372,3.057
21999,0
14877,0
24905,3.6698
5453,3.7538
14663,3.8102
28647,0
27567,3.815
13267,3.7208
29858,4.1176
23421,0
23992,4.697
3716,3.0046
103,3.2252
24835,4.159
15336,0
10245,0
4534,4.27
26112,0
31700,4.6976
20349,3.519
16008,0
880,4.0832
26616,0
14414,3.1634
24907,3.677
5629,3.7674
20545,4.6984
23761,3.6686
17166,3.799
31681,0
7897,0
26680,3.3036
2636,3.2336
26122,3.8188
22814,0
23886,2.2394
13250,2.3506
18569,3.5636
23045,0
17362,3.2626
14715,3.283
29639,4.296
9737,3.7392
3644,4.187
8150,3.7086
22918,0
13511,3.7422
9087,4.2584
20178,3.7724
17594,4.0732
12362,3.8062
19753,4.3642
17368,0
20137,4.2048
17299,3.606
16392,3.6222
10905,0
5283,4.1152
25360,4.1992
29231,3.7842
4525,4.2796
26396,3.5344
28061,0
26344,4.0746
27363,4.1336
26911,3.0426
19514,4.1142
16560,3.1996
14018,3.7132
2200,3.8146
10931,0
31271,3.7322
10401,3.8012
24364,4.6992
25609,3.6576
23829,4.273
22774,0
30029,4.1612
11749,3.0624
2406,3.0418
21804,3.1606
18207,4.6996
24392,4.142
8390,3.1962
18246,3.7608
23703,4.205
10367,4.0404
10746,4.7002
22912,0
3605,3.719
15452,0
13380,4.0852
21174,3.7258
19218,3.7356
14641,3.3212
20277,3.1392
26220,4.7006
18472,3.788
4361,4.1932
24335,4.1216
17784,3.8198
29519,2.9518
25289,2.8378
20145,4.228
503,0
6158,3.5818
27124,3.766
3740,3.8022
20625,4.7008
26339,4.1374
21823,3.5316
21091,3.7858
31279,4.0514
10021,4.1378
31731,4.1966
23505,4.1868
31824,2.804
10613,3.2266
24216,4.0624
27756,3.7114
687,3.7872
1025,3.1956
4701,4.701
21884,4.1406
11578,3.6812
26489,0
13918,3.077
21603,3.183
11350,4.2188
13336,3.7824
22909,0
9269,4.1702
1072,3.609
13605,3.8772
18873,3.745
27305,4.701
16018,0
4333,3.1912
4420,4.0366
24116,3.8138
16781,3.5342
21341,4.169
3486,2.9358
331,3.7536
24456,2.99
10447,3.1736
8102,3.75
30353,3.7164
5395,3.6788
20505,3.7942
22837,0
17543,4.1576
9359,4.191
21230,4.0476
2371,3.0888
5146,3.7344
8778,3.7036
11474,0
15438,3.1236
15785,4.1322
11082,4.276
20950,4.1668
31790,3.7106
10333,0
22663,0
5175,3.5398
21538,3.7102
28756,0
23428,0
24772,4.1228
20185,4.1102
7487,2.9302
25332,3.0276
26205,4.1908
5528,4.0632
18792,0
15100,3.786
17454,3.7148
17078,2.6898
23111,0
16364,3.6612
14459,3.6634
9561,3.6246
2978,3.6412
26996,3.8172
7859,3.1666
28246,4.0492
16972,3.2284
1068,3.1802
27665,4.098
21483,2.8074
4260,4.1922
28564,3.6488
13565,4.0688
30275,0
13105,4.704
20221,3.28
24771,4.2346
31852,3.6494
6797,2.8614
7654,4.0586
22874,0
134,4.0778
6527,0
30679,3.6298
9811,2.9218
28896,3.5468
9889,4.7052
15581,0
3460,2.941
22984,0
14791,2.9144
23816,4.241
31936,3.2402
17430,4.7086
7437,3.7712
27199,3.1642
10058,3.7
29118,0
27021,3.7556
11969,3.136
321,3.65
147,4.2306
10652,4.1898
17647,3.1116
26141,4.7094
23482,4.712
8146,2.8188
10991,4.2482
30761,3.2768
21434,4.2728
11373,2.3508
14776,3.7884
10514,0
6955,3.3182
30203,0
29458,3.7292
10194,0
871,4.2786
4817,3.7826
11143,4.2432
8227,3.6326
3767,4.0628
11482,3.606
27712,3.7858
30430,3.7144
8741,3.744
8083,4.2762
19345,2.9372
10754,4.716
3368,3.7272
23420,0
11262,4.0942
31871,3.1754
31470,3.7348
14045,3.535
19653,0
18781,3.2574
2706,3.148
31965,3.6626
19377,3.0632
11952,3.0394
15031,3.743
2716,3.174
8621,4.3298
25068,4.2494
24911,3.0496
30560,3.7358
27598,3.8
17258,0
8714,3.2254
15181,3.5582
29401,4.1904
29424,4.182
31974,0
11411,3.8048
15081,3.7708
20903,3.8414
14259,3.7308
22779,0
22595,3.2116
1075,0
17096,0
15123,2.7874
23263,0
20590,4.7184
1101,3.0952
7523,4.2252
2457,0
742,4.1598
12170,4.257
24834,3.8488
4022,4.179
12983,3.7082
25350,4.2228
1558,0
16487,0
16640,3.2606
11046,4.7186
3020,3.7432
8968,3.727
3572,3.1766
6011,3.7768
9386,2.9028
29158,4.261
28311,0
30083,3.2672
17992,0
18061,4.0678
11428,3.7902
25426,0
11234,3.805
29955,3.3046
26970,3.1888
22708,0
24882,3.6768
28628,0
2043,0
9529,0
28692,3.0246
13660,3.7168
13434,4.7214
29056,0
8124,3.7826
12418,3.722
16568,0
1514,3.0616
19138,0
1671,3.7746
8018,0
21221,3.7566
5076,3.774
9198,3.8226
6415,3.1852
5696,3.7772
31114,3.8314
3933,0
10459,3.1496
24319,4.1736
26336,4.1616
15792,3.6956
19602,4.7248
12713,4.184
12319,2.8366
13756,4.1626
12175,4.2292
13154,4.1996
6088,3.7138
491,3.3068
30613,3.732
13348,4.2552
2342,3.5778
1094,0
28097,3.6106
9346,4.1278
1530,3.0212
15929,4.1206
19983,3.304
27442,3.8108
21441,3.8398
23257,0
7944,3.7938
9621,4.3146
11604,0
27913,3.2316
20725,4.0388
1270,3.097
17411,3.5046
721,4.725
13847,3.7848
10881,3.2356
11354,4.1174
4480,3.6252
2780,4.247
18478,4.0692
13592,4.7278
24413,4.0304
10582,3.5652
4052,3.7718
11773,4.045
28544,3.1828
24361,4.7284
23834,4.2072
28697,3.5602
4178,3.8492
28004,3.6206
28839,0
21949,3.298
2834,4.1794
24806,3.8062
5510,3.6706
6471,3.7976
1385,3.7204
21651,3.2018
22317,0
675,3.0104
26366,4.0542
8125,4.0802
20917,4.072
23224,3.6624
7860,3.2194
8162,3.768
18937,3.2446
13973,4.1292
13875,4.0692
5261,3.749
27686,4.1844
27003,3.802
11054,4.729
16652,2.9354
6580,4.1742
26668,3.764
17089,0
8945,3.791
7978,3.3416
15794,3.7986
11051,4.7298
8396,3.143
17376,0
24915,3.6048
3384,2.3454
9840,3.7942
12941,4.1528
29046,0
14996,4.2738
16695,3.0064
29,3.8544
29866,4.2108
24205,4.0924
21649,3.6058
20803,4.7364
13608,4.0804
3640,4.1576
14501,3.2548
21960,3.778
14960,4.2124
3986,4.1612
11751,0
14461,3.0754
4699,4.1876
8921,4.222
2874,3.2854
12159,4.178
31720,4.1884
2024,0
23306,0
1015,0
1039,0
16865,3.2456
8838,4.2834
29336,3.224
25838,3.726
21171,3.752
26257,3.6332
31108,4.1732
27890,3.6018
28949,0
6644,3.1458
9436,4.1356
16471,0
22621,0
7666,3.6792
27008,4.12
19838,4.2092
4741,3.7298
12085,3.7392
25143,4.254
23307,0
3227,3.1416
3462,4.0784
20122,4.2134
10952,4.749
9628,4.19
8704,3.5256
29129,3.1742
1343,4.1678
19390,0
15453,0
13501,3.8446
6237,3.5886
12739,4.0876
12013,0
13675,3.7562
16340,0
29890,4.2718
23488,4.2956
15815,0
27173,3.1686
5609,4.0822
4375,4.1386
9704,2.9294
12810,3.1794
29272,3.178
29642,4.2498
7829,3.7224
29665,3.7862
23728,4.1342
16835,0
11530,0
26534,3.5694
18109,4.218
31745,3.7018
23564,3.7702
1536,3.2324
9684,4.153
5615,4.7494
20127,4.1898
7148,4.067
3784,3.021
6009,4.1174
10718,4.114
5741,4.75
25040,4.7516
22782,3.6868
9135,4.7516
23460,0
4754,3.16
9226,4.2166
9291,4.2302
20527,4.7524
20071,3.0218
9385,3.732
14372,4.0536
15337,0
28917,0
1725,3.6744
8886,4.1732
16799,3.1362
30060,3.7176
29496,3.0954
19399,0
19219,2.2864
8858,2.9992
28972,0
27061,3.7302
24809,3.7608
25617,2.9792
22649,0
12307,2.8294
1621,3.2066
8608,4.7608
28990,0
4328,3.2374
27332,3.839
139,2.9886
31490,0
10387,4.1914
7547,3.8222
8132,3.7838
21355,3.665
28315,3.6532
2440,2.9876
10384,3.8276
9972,4.1336
28746,0
8258,3.0742
7122,4.2038
21670,3.7636
29381,4.781
13406,3.8102
20688,3.705
3696,2.9636
6193,3.7134
8916,3.793
8655,3.7864
19101,3.101
18423,4.2496
30709,2.9776
14085,4.1688
5226,3.1286
4004,3.805
8478,3.101
29787,2.9194
13856,3.2422
21873,0
2477,3.834
27637,4.7884
5973,4.0964
6745,3.7402
16900,3.7998
30667,3.726
31057,3.2524
29121,3.333
9100,4.2732
4476,2.808
18654,3.2346
210,4.1204
31587,3.3118
9076,4.1826
15965,3.1694
4160,4.8046
2835,3.7544
15206,0
2817,3.7832
7281,4.1304
20939,4.1238
12788,3.5764
29469,3.7048
12007,0
22464,4.2032
28895,3.268
26275,3.3318
14292,3.7418
26561,0
3104,3.6934
29001,0
28536,0
13414,3.7374
24853,4.1176
24016,4.243
15013,3.795
22512,3.5722
3139,3.1614
8580,4.8062
2932,3.6868
20459,4.1182
25699,4.0424
16176,4.1824
2538,0
20677,4.122
31201,4.2516
14054,3.573
13078,4.2828
1878,3.1772
2486,3.7032
23658,3.2186
6330,3.717
12985,4.1056
8325,3.6206
12981,4.1134
20783,3.7634
20513,3.1252
18076,3.8108
29812,3.1708
1759,3.0248
19831,4.25
13209,3.7736
16644,3.6184
2703,3.063
31518,3.129
5769,3.7714
29824,4.8198
11696,3.7774
30490,0
21799,4.0806
23395,0
28612,3.0272
25402,3.7848
17182,3.6486
11193,4.1
13772,4.105
11189,4.1258
10581,3.5854
20520,4.8314
29355,3.0784
8485,3.0944
31141,3.7538
5437,3.6988
16656,0
3367,4.1898
