ID,y
1,78.86367035
2,93.24419403
3,79.40079498
4,77.12953949
5,115.2374115
8,89.33859253
10,110.8358688
11,101.8175125
12,117.8512421
14,100.844101
15,114.7750549
16,105.1243362
17,101.5283432
19,102.4190826
20,100.9940262
21,112.9637985
22,116.9935455
23,101.5283432
26,96.82912445
28,94.61522675
29,101.5283432
33,101.5283432
35,96.13009644
41,98.17534637
42,92.09828949
43,118.7821121
45,110.5715561
46,103.1355591
51,96.33475494
53,75.51420593
55,114.8471909
56,91.57111359
57,100.9456635
58,97.69024658
59,107.7948456
63,118.241478
64,94.87935638
65,106.0651779
69,93.65496826
71,96.15144348
72,102.4432297
73,92.95680237
76,103.2301712
77,102.9529724
78,115.9829483
82,97.88605499
83,106.0651779
84,99.2598114
85,101.927063
87,112.83461
88,98.17534637
89,115.9924622
91,98.93616486
93,93.68682098
94,112.2237854
95,93.31990051
96,109.8536682
97,99.35401917
98,108.4654083
99,93.97459412
101,104.1355286
103,115.9924622
104,91.08135223
105,111.4508209
110,93.9664917
111,110.2311249
113,106.6037827
114,96.65563202
115,113.4030457
117,115.9924622
120,89.66431427
121,119.524353
122,98.98456573
123,112.2734985
126,110.3405228
132,111.3611069
135,102.2598953
137,90.10202026
138,95.70563507
140,93.25373077
142,103.7026596
144,115.0773315
148,87.40891266
149,124.5845108
155,89.25093079
156,110.8059006
157,99.35401917
162,117.7066956
163,96.79948425
167,96.98569489
172,118.7821121
179,112.3893127
180,92.70810699
181,109.2641068
182,97.54417419
183,115.9924622
185,115.9924622
187,112.8849335
188,92.94054413
189,95.87627411
191,93.95281219
192,110.7230911
193,96.24092102
194,113.682518
195,91.9283905
196,116.048851
198,93.23883057
199,111.6773987
201,98.95560455
204,95.15900421
205,109.0980377
206,91.97229767
210,97.88829803
211,104.1355286
216,117.8508835
219,117.6996384
220,89.14144135
221,113.3255081
226,109.2641068
227,92.15499115
228,112.1986542
230,112.1414948
231,99.35401917
235,116.6421127
236,90.3164978
238,112.6711731
242,104.3522339
243,98.77157593
244,82.88667297
245,113.1507263
247,119.2712173
248,87.60124969
249,90.90060425
250,115.6501617
251,90.3164978
253,116.6421127
254,91.81999207
256,98.13050842
257,87.37468719
258,118.5916595
259,90.65485382
262,78.50669098
266,91.27518463
267,115.1921082
272,100.1990356
273,115.9924622
275,103.1517639
276,116.650856
279,95.92048645
280,106.0651779
283,93.02736664
285,111.6034851
288,115.9924622
289,101.2871475
290,102.1222687
291,91.79167938
292,107.6365433
293,108.4585419
296,105.8346329
297,112.2689514
298,112.8452454
299,93.94252014
304,87.0994873
305,76.99440002
306,89.24984741
307,109.5307999
311,123.0460663
313,111.1858978
314,86.6519928
316,85.56407928
324,90.82007599
327,95.62294006
329,94.71286011
330,113.6836243
337,104.8909378
338,94.12290955
339,104.1055298
340,87.99119568
343,90.42663574
345,111.5489502
346,98.14779663
347,112.923111
349,112.178772
350,97.96528625
352,107.7789001
353,88.27963257
354,69.00157928
357,91.23821259
358,116.5646667
362,114.3516312
364,128.7616425
365,101.635849
366,91.97673798
367,114.1516647
368,93.17127228
370,77.27177429
373,89.69512939
377,88.60333252
378,108.8809662
382,100.8130341
384,109.4642334
390,97.18786621
392,114.0919571
393,117.0053635
395,96.92304993
396,110.3974915
399,80.08087921
406,111.1858978
408,111.1858978
409,88.98755646
410,76.53659058
412,113.1336288
413,88.28105164
419,92.51771545
420,115.0999069
421,87.04691315
430,96.57685852
434,90.00423431
436,98.5853653
437,90.37937164
438,86.81975555
439,109.7020264
440,88.27336884
443,115.4506149
446,93.22477722
448,98.93979645
452,91.80787659
453,105.5259018
457,103.0756149
458,95.82163239
459,111.1888428
460,101.2097321
462,105.5944443
464,97.25518036
465,114.2110443
467,115.2285004
471,112.282547
472,74.37300873
473,93.24912262
475,96.51560974
480,95.64415741
488,109.7290573
490,109.5307999
491,106.0368118
492,77.08745575
493,92.52510071
497,91.90493011
498,120.3898392
499,92.71396637
500,102.2115936
501,94.97151947
502,118.0198669
506,74.92499542
510,104.6443329
511,93.65455627
512,93.51064301
516,99.25508881
518,89.89421082
519,109.6127853
521,91.92137146
522,114.5286179
526,113.7563324
529,94.7848587
532,112.5524826
533,90.6113739
536,115.8484039
537,98.5432663
539,92.30690765
540,103.9231415
541,92.7644577
543,93.20195007
546,109.7239151
547,88.97174835
548,76.80711365
551,92.29843903
552,101.7348251
556,100.4616165
557,99.01700592
558,114.1516647
559,88.35622406
560,108.8665237
562,111.6802292
566,89.78253937
570,120.3898392
571,90.37937164
572,103.6258011
573,92.86579132
575,114.2110443
576,109.9474487
577,105.5675964
579,90.65300751
580,113.5429916
581,113.5103989
589,109.5307999
591,104.1388092
593,91.86728668
594,103.4334717
595,96.69649506
598,96.45108032
602,112.5308914
604,114.5517883
606,108.6580048
608,93.46623993
609,103.7183685
610,95.30183411
616,109.6585693
617,94.87469482
618,101.0079956
620,106.6184998
622,108.7256012
623,87.80936432
624,123.8576584
626,117.2092514
628,114.8968887
629,98.10913849
630,109.2401657
637,87.79056549
638,106.7329865
643,112.3328552
645,95.64415741
646,124.9352264
648,91.58992767
652,91.40033722
653,91.16448975
654,120.3898392
656,114.1259766
657,100.4488831
659,86.33557892
660,102.2464523
663,82.13360596
664,112.4741211
666,103.5484543
668,113.0845566
669,89.73550415
671,95.74778748
675,94.95703125
677,91.95196533
678,109.9017029
679,104.240448
682,89.99630737
685,100.0435944
687,96.02788544
688,92.35716248
693,109.2646179
696,96.73262787
698,96.6301651
701,100.7155457
704,103.8310776
705,115.5052872
709,111.3849792
710,100.4147263
711,103.5841599
712,95.46499634
714,109.853775
715,92.92134094
716,107.5937958
717,96.94020844
720,113.8160629
721,92.95078278
724,101.7724152
725,89.44708252
726,108.5879517
728,110.2479782
731,93.82380676
734,100.2899933
738,93.1414032
745,109.5788498
746,96.90294647
751,73.28910828
754,93.02128601
756,93.33996582
758,101.3284988
759,109.9195328
761,116.8019104
766,96.53960419
767,109.3924026
768,90.24668121
769,115.8197174
770,100.3401031
771,75.93590546
772,103.2712936
773,92.53582001
774,113.1789551
776,109.7008743
777,100.9155807
780,117.7844772
782,102.7550125
787,101.2932358
788,93.60469818
792,93.170578
793,113.7472992
798,99.59020233
800,91.02780914
806,107.5937958
809,107.1010361
811,117.6646957
812,92.37884521
814,117.0582123
816,101.550705
817,89.8657074
818,115.6241531
820,109.124939
823,94.0783844
829,94.90737152
830,110.2269669
831,87.24975586
834,107.4784317
839,98.29614258
841,79.13835907
844,103.6906738
845,94.58275604
848,89.12017059
850,90.43166351
851,100.4835281
852,93.36611938
854,93.09246063
855,89.46324158
856,101.3331604
859,101.9497452
861,113.1789551
864,95.67830658
865,116.1777573
866,91.74069977
867,96.89221954
869,96.25068665
871,98.02645111
872,107.5937958
882,104.7170715
883,90.5966568
885,95.87042999
888,98.996315
893,108.6695328
901,109.4762039
903,105.1203079
904,93.06305695
905,101.9248428
910,94.78438568
911,108.9658966
914,111.164566
918,109.3169937
921,91.1098175
928,95.36511993
929,101.1889343
932,94.46189117
933,109.9063721
934,94.78438568
935,112.6261215
937,79.02340698
939,94.01243591
940,101.4733582
941,96.09270477
942,103.4828033
943,91.83982849
944,98.4289093
947,107.5937958
949,115.1882629
951,111.1404648
952,95.91899872
953,105.1203079
954,79.59770966
957,108.2608337
959,88.19538879
960,113.5217896
963,117.0582123
965,107.5937958
967,96.31419373
971,91.04797363
972,75.78516388
973,95.01461792
974,110.2876053
975,101.7227402
978,121.7624664
980,116.9997101
981,95.35070801
984,113.3674927
986,94.78438568
988,90.24668121
989,109.4817123
990,108.8248367
992,109.4762039
996,96.24787903
999,119.1618958
1000,91.87561035
1001,116.1777573
1002,90.65976715
1003,109.7008743
1004,86.95572662
1008,109.2128372
1009,91.3218689
1010,125.462738
1012,118.1999741
1013,90.41629028
1014,121.8730927
1015,96.00550842
1016,115.8651047
1019,99.34731293
1020,114.0577621
1021,94.78438568
1022,100.9460449
1024,94.78438568
1025,73.34635162
1027,94.46124268
1028,101.894043
1029,94.4360733
1030,99.13356781
1033,111.7959213
1036,95.51779175
1037,112.5979309
1038,90.31876373
1042,94.01243591
1043,105.9619064
1044,89.83457184
1045,109.2961884
1047,115.3051758
1050,96.72277832
1051,108.1160583
1054,94.95502472
1056,95.35070801
1057,96.731987
1059,95.99482727
1062,97.34109497
1063,103.2087021
1064,95.35070801
1066,87.37692261
1070,104.3055649
1076,114.3317413
1077,101.2833328
1078,108.6285934
1080,116.5553131
1082,109.6922836
1083,96.45585632
1089,119.6801147
1091,94.03081512
1093,95.16648865
1097,91.7417984
1099,94.95751953
1101,92.10445404
1103,114.5498581
1104,111.5173035
1106,115.8209686
1109,87.62164307
1110,119.734436
1111,96.34261322
1112,110.6069717
1114,103.0883636
1116,98.32270813
1117,115.869194
1120,94.28860474
1124,110.2591095
1125,90.25830841
1126,114.1755295
1134,112.562149
1137,91.81072998
1138,115.2292099
1144,111.900322
1145,105.8087616
1146,89.88069916
1148,117.7454758
1150,95.11991882
1152,103.1421814
1153,94.29174805
1154,109.4903259
1155,102.5461655
1157,91.24441528
1162,106.1878204
1165,108.7366562
1166,92.45089722
1167,105.4462204
1168,97.86715698
1169,99.93721771
1171,115.7305756
1172,100.3836136
1173,99.93721771
1174,96.81941986
1176,97.84215546
1177,99.67028046
1178,96.34825897
1182,107.9456558
1186,95.13415527
1187,115.5080338
1188,93.2338562
1189,117.315361
1191,99.83958435
1192,105.8731384
1197,115.1502914
1198,89.30526733
1200,79.47233582
1201,97.34309387
1203,105.4319611
1209,114.3618698
1214,105.9442291
1218,113.8386383
1222,102.9013596
1226,89.97612
1228,91.55497742
1230,88.94454956
1232,78.78387451
1233,93.72915649
1236,113.0133896
1238,100.154213
1241,111.900322
1244,115.8394852
1246,92.82038116
1247,118.4806061
1250,109.100296
1251,98.51044464
1254,119.0007401
1255,91.67685699
1256,107.8057327
1257,94.18444061
1258,86.37059021
1259,111.2937164
1260,94.73952484
1263,111.6677475
1267,77.35096741
1268,113.2004623
1271,106.0158005
1272,106.8544998
1274,105.374321
1275,106.1878204
1276,106.291275
1277,94.66280365
1279,89.88069916
1281,96.57035828
1282,93.2338562
1283,117.9365692
1285,107.2424011
1286,92.15634918
1289,116.3169479
1296,110.9231262
1299,93.29169464
1301,95.24950409
1306,91.32400513
1307,92.94218445
1308,90.14656067
1313,106.291275
1314,104.278595
1315,119.734436
1316,96.97205353
1317,108.0378036
1319,92.57575226
1323,91.74046326
1324,104.2381821
1325,95.8068161
1328,94.85932922
1329,92.66291046
1330,111.1765137
1331,92.76554108
1332,100.6021423
1337,105.6425247
1338,114.8705444
1339,91.47544098
1340,113.3031082
1343,119.8622131
1347,112.1778107
1348,88.68313599
1349,108.0428009
1352,91.81130219
1354,96.5486908
1359,114.6767654
1360,95.8611145
1363,112.0037308
1364,93.21749115
1365,103.1295929
1366,94.41530609
1372,95.90943909
1375,110.998558
1376,94.33705139
1378,93.88172913
1379,111.4841919
1380,97.1366806
1381,104.9911499
1384,111.5025711
1387,99.85830688
1388,114.0222321
1392,82.50884247
1394,100.2687531
1395,93.53017426
1396,113.1810532
1398,93.86403656
1399,113.1810532
1400,96.93553162
1401,97.58827209
1403,101.2872925
1404,115.0552902
1406,113.1810532
1407,95.77578735
1408,113.3280945
1410,80.24268341
1412,111.8397903
1413,91.96789551
1415,96.24459076
1420,113.3280945
1422,108.0421371
1423,109.2736816
1424,113.3280945
1425,100.0819778
1426,80.24268341
1427,100.2447662
1429,94.65106201
1430,115.5136871
1431,94.13253021
1432,102.5800171
1434,121.5374146
1437,93.49468231
1438,104.35186
1440,111.001915
1441,118.0052261
1442,90.72166443
1444,111.9887924
1445,104.6851883
1446,102.130127
1448,101.6776047
1453,92.32750702
1454,111.8397903
1455,101.359024
1456,125.3246613
1458,111.8397903
1459,94.99472046
1461,91.11306
1465,99.85830688
1466,112.5976105
1469,97.88761902
1472,92.32750702
1474,98.98235321
1477,111.6395874
1479,103.7603912
1482,93.02713776
1483,77.36554718
1487,95.43069458
1488,117.8148727
1490,117.2589645
1492,114.6690903
1494,116.7488327
1496,103.1242142
1497,94.29464722
1499,105.7098541
1502,94.55141449
1507,117.6944427
1508,91.81130219
1509,104.9156265
1511,98.87262726
1512,110.2658234
1513,110.303009
1514,98.22530365
1518,115.633667
1519,92.31761932
1522,115.3855896
1524,75.72805023
1527,90.72166443
1529,93.70930481
1532,102.6515427
1536,114.5177994
1537,119.4878235
1539,113.9508209
1542,118.7998886
1543,94.33705139
1544,103.271225
1545,78.88803864
1550,91.04325867
1551,112.5134811
1554,107.4750214
1556,106.6137619
1559,92.03491211
1560,80.16216278
1562,99.28877258
1566,94.15891266
1567,117.5930328
1569,105.1849976
1570,104.8413391
1571,116.7939224
1574,91.81130219
1578,107.929451
1580,89.29889679
1583,112.9901733
1584,91.81130219
1585,110.2780533
1586,90.84793854
1587,113.0277328
1588,91.15383911
1590,113.8074417
1592,103.6138077
1596,113.6598892
1598,107.7495804
1599,94.18756104
1604,107.5007935
1606,104.0343094
1607,91.96789551
1608,99.37644958
1609,119.1016388
1611,96.6926651
1613,96.8061676
1616,96.85006714
1619,115.2320099
1620,92.97068787
1621,115.5041733
1622,86.22039795
1625,105.4122696
1627,119.1016388
1629,109.9252243
1634,94.66654205
1636,92.67854309
1638,103.2641068
1639,89.56455231
1641,105.0843658
1643,92.76091003
1644,103.0809555
1645,119.9649429
1646,95.0341568
1647,112.869545
1648,98.06221008
1652,89.29889679
1653,116.6628876
1656,156.8211975
1658,94.18756104
1659,113.9543076
1661,93.76076508
1663,91.96789551
1664,116.2048569
1665,94.50598907
1666,106.6137619
1667,102.0652542
1668,79.52285767
1669,102.4035416
1670,96.24303436
1672,112.1607132
1674,120.5789948
1677,117.8148727
1678,94.3216095
1679,113.758606
1680,91.53128815
1683,102.3114471
1686,104.0645599
1687,111.6459274
1689,116.1183243
1690,96.16110992
1691,117.4899139
1692,113.6478806
1693,91.81130219
1695,95.97887421
1696,92.32750702
1697,113.5626602
1700,106.6137619
1701,88.97241974
1702,111.6522064
1703,93.94680786
1704,114.8395996
1706,93.73466492
1707,118.3090668
1708,96.9164505
1710,97.06189728
1711,105.4645996
1713,104.2958069
1717,107.4276199
1719,107.929451
1720,92.22473907
1722,94.49802399
1725,106.1452179
1726,102.8212967
1727,103.8215866
1729,112.207634
1730,90.79938507
1731,111.0366287
1733,106.6137619
1734,98.13746643
1735,108.0421371
1738,96.8061676
1742,98.6496048
1745,120.5789948
1747,90.30688477
1749,90.34280396
1751,93.55825806
1752,82.03170013
1753,98.94570923
1754,95.29386902
1755,106.356636
1756,104.211586
1758,119.7723083
1759,95.46218109
1760,114.6122208
1761,128.5361633
1762,91.09146118
1763,107.1552887
1764,87.90893555
1766,93.47016144
1768,97.871315
1769,80.12556458
1771,101.9820786
1772,94.18431854
1773,113.2000809
1774,92.89698792
1775,112.0884399
1777,124.5974579
1779,95.46218109
1780,116.0738373
1787,97.29237366
1788,94.31463623
1790,94.79128265
1796,114.9744873
1801,88.15696716
1803,98.77791595
1807,120.8283844
1809,125.7113113
1812,92.36522675
1813,118.1879044
1814,99.87463379
1815,111.8895416
1816,103.9864426
1818,87.52700043
1820,91.66505432
1821,109.2744827
1822,93.25488281
1825,91.85988617
1826,102.2927475
1828,93.31942749
1831,92.67440796
1836,119.3853455
1837,94.5164566
1841,103.3858948
1844,92.7800827
1848,91.91807556
1851,104.4152832
1852,91.89144897
1853,93.54717255
1854,104.1119843
1856,87.36203766
1859,131.2363434
1860,94.13710785
1861,84.24464417
1863,124.4210281
1865,100.6283798
1866,104.4699554
1867,92.49739075
1868,96.10151672
1872,102.2159653
1879,90.3734436
1880,117.2427368
1882,92.80154419
1885,108.6602402
1887,113.1001358
1888,93.66317749
1890,120.243866
1894,92.63826752
1895,96.22556305
1896,98.86040497
1897,119.1701202
1900,112.444809
1901,93.35025787
1902,121.8696136
1905,86.76675415
1906,104.3961868
1912,102.9119797
1915,98.46829224
1916,103.435997
1917,95.66441345
1918,108.5265045
1920,81.29133606
1923,96.29840851
1924,115.0392227
1925,97.9366684
1930,114.4552841
1932,127.9114609
1933,82.00675201
1934,111.8411636
1935,93.84396362
1940,81.6295166
1941,91.93754578
1942,111.725235
1943,109.6100006
1944,80.0773468
1945,109.2200928
1948,117.615654
1949,103.2732849
1952,94.44908905
1954,95.28044128
1955,126.009201
1958,92.50597382
1959,74.84751129
1960,107.1552887
1963,95.52342224
1965,83.91266632
1968,118.6409454
1969,91.14206696
1971,94.08642578
1972,106.7575989
1973,92.30805206
1975,85.19828796
1977,92.24036407
1978,103.8914642
1979,102.6866226
1981,89.96697998
1982,108.68573
1987,111.992424
1988,89.22969818
1993,84.2613678
1997,93.68726349
1999,89.88827515
2001,93.69634247
2002,107.6433334
2003,90.81776428
2004,88.14730835
2006,108.4637985
2007,92.14365387
2009,114.4956894
2010,91.71899414
2013,102.6012039
2018,80.94028473
2022,104.4143295
2024,120.771019
2025,92.16777039
2026,103.9139481
2030,116.6456451
2031,89.82363892
2032,102.9119797
2033,92.51200867
2035,94.41436768
2036,114.4406128
2037,93.15010834
2040,94.88902283
2043,128.2285309
2044,113.0715561
2046,100.3542099
2054,118.2087097
2055,94.09612274
2056,116.0738373
2059,91.15919495
2060,93.35025787
2062,105.5516205
2063,114.0704651
2066,92.63826752
2067,122.5440826
2072,128.4547424
2073,118.2941055
2074,94.40805054
2075,128.1386414
2076,93.89289093
2080,95.53666687
2082,93.35025787
2085,107.6180649
2087,117.203476
2091,112.5622253
2092,91.24014282
2093,116.0738373
2098,96.32389069
2101,107.1552887
2102,88.92592621
2103,81.6295166
2105,106.6506958
2106,90.9696579
2107,123.1876831
2110,88.60662842
2114,96.57570648
2115,113.9318466
2117,66.27928162
2118,87.78710938
2119,103.9447937
2120,93.71033478
2122,96.41599274
2123,119.0522842
2126,95.33097076
2127,111.6194992
2128,94.77033234
2129,117.5644455
2132,105.2280731
2135,103.5516891
2138,101.1436615
2139,114.4552841
2141,106.6795197
2142,91.45994568
2146,108.6252289
2151,114.1651535
2157,99.504776
2159,115.216774
2162,89.64593506
2164,115.704834
2167,92.06050873
2168,112.9993744
2171,91.85984802
2173,94.88489532
2174,101.2983246
2175,93.48739624
2178,89.72065735
2180,99.5088501
2185,115.5514908
2189,88.18663788
2190,114.6598663
2192,103.3487549
2194,113.1937027
2200,121.7067566
2201,94.92719269
2203,108.4843063
2204,90.95051575
2205,110.4876862
2209,109.5738602
2213,100.5573273
2214,99.34794617
2215,111.5164795
2216,94.70401001
2218,99.30892181
2219,106.3707733
2220,91.10005188
2222,87.38513184
2223,108.9556046
2225,111.4417877
2226,92.77085876
2230,99.79381561
2233,115.8133545
2234,107.9595795
2235,90.95051575
2236,79.29994965
2237,91.41127014
2240,119.5718079
2241,95.83677673
2248,99.04077911
2249,97.11692047
2250,115.460968
2252,114.1479034
2253,95.7397995
2254,113.5316162
2256,76.74465179
2258,94.57820129
2259,118.393219
2262,99.63511658
2265,89.68276215
2266,105.9485855
2269,88.26735687
2271,88.05769348
2273,96.62718201
2274,106.7578506
2275,92.03871918
2277,108.7436218
2279,90.95051575
2280,79.73114777
2282,99.5088501
2283,97.86606598
2288,92.5982666
2289,116.0928879
2291,100.0967407
2292,119.5197296
2297,94.30184937
2298,107.8754654
2299,92.0173111
2300,115.7951202
2301,91.77688599
2304,88.97425079
2305,104.6212845
2306,99.63511658
2308,96.74481964
2309,119.1201782
2311,89.83743286
2312,110.9494934
2316,105.0185394
2321,102.6728134
2322,112.0055847
2325,102.5899811
2326,97.19985962
2329,119.5197296
2330,106.4203949
2331,97.31680298
2332,113.6734238
2333,99.63511658
2334,103.9807053
2335,107.7728806
2337,106.100441
2338,94.08185577
2340,113.6734238
2342,110.530014
2345,96.37645721
2349,95.69654846
2351,80.16493988
2352,95.43801117
2354,109.6173019
2355,124.1861191
2357,111.4417877
2358,95.45650482
2360,98.31437683
2361,109.6173019
2364,94.25540924
2366,102.549324
2369,99.52615356
2370,97.3239975
2371,109.658783
2373,120.4357986
2374,90.43559265
2376,114.4018402
2378,112.5851212
2382,91.08029938
2383,90.18975067
2386,100.7652054
2387,92.48879242
2389,128.6102295
2390,117.1726913
2392,94.21440887
2398,113.6734238
2399,98.57019806
2400,109.816246
2401,107.0326385
2402,93.3466568
2404,99.79157257
2407,115.8867493
2408,107.7301178
2409,123.3625107
2412,72.44293213
2413,94.50798035
2415,90.50054169
2420,112.1942215
2422,93.20296478
2423,99.29088593
2426,86.359375
2432,106.0999908
2434,87.75019836
2435,133.945755
2436,107.485321
2438,103.665062
2440,113.6045456
2443,97.10355377
2444,97.0049057
2447,99.04077911
2450,101.4600296
2454,93.78651428
2455,112.706665
2459,99.63511658
2460,109.7294235
2463,93.80908203
2465,96.66357422
2468,76.7815094
2469,89.74009705
2474,87.00093842
2478,87.91633606
2480,100.7238388
2481,119.5718079
2489,99.5088501
2490,101.2420807
2492,91.88962555
2496,99.63511658
2497,121.9077988
2500,92.5880661
2505,101.1596146
2507,89.46350098
2508,110.4876862
2509,88.02458954
2510,82.05858612
2513,91.26741791
2515,99.5088501
2518,90.18975067
2519,114.5232391
2520,90.18975067
2521,116.8164902
2523,110.6981812
2525,92.95920563
2529,109.2640686
2530,87.80110168
2533,116.0726471
2535,99.19429779
2538,105.058136
2544,108.6834793
2553,111.1157913
2556,93.6505127
2558,90.65171814
2559,108.8356094
2560,88.72454071
2561,112.5845261
2562,93.25124359
2563,117.3183289
2564,91.34066772
2565,113.5739822
2567,107.4365692
2572,95.10848999
2575,98.92609406
2576,116.2350388
2577,100.7449265
2578,94.08322144
2579,115.134407
2580,90.34091187
2582,110.8329315
2583,99.82971191
2587,96.43499756
2589,112.9294357
2590,106.4059525
2591,109.2640686
2594,93.50413513
2597,99.77667999
2598,103.7433472
2599,104.4486771
2600,98.39940643
2602,116.2018967
2603,95.10848999
2604,107.0314026
2606,107.0694733
2607,76.67819977
2608,107.8859787
2613,110.2276382
2614,96.62991333
2615,109.7878876
2617,111.7295685
2620,96.96788788
2623,114.6119461
2624,95.55680084
2627,110.2276382
2629,76.67819977
2630,102.6963272
2632,92.62664032
2636,96.06507111
2639,94.62561035
2640,99.09646606
2642,109.2640686
2644,106.2595444
2646,113.029274
2647,101.3638153
2649,92.90346527
2650,110.8184662
2652,105.156105
2653,103.4657974
2655,109.6825333
2657,113.0062332
2659,108.7264099
2662,91.1651535
2663,113.5101013
2664,87.90330505
2665,101.6235199
2670,103.6855316
2671,101.7295761
2672,92.35926056
2675,105.156105
2677,112.8280182
2679,115.3202896
2683,112.2136307
2684,95.04975128
2685,92.40890503
2688,98.09807587
2689,94.04695129
2690,97.90647125
2693,109.6621017
2694,113.2896042
2697,96.45368958
2699,86.95430756
2703,95.53595734
2705,102.120369
2709,81.59174347
2710,88.66770935
2711,111.5271835
2712,85.57432556
2713,92.54570007
2714,109.6737671
2715,87.84160614
2717,90.37065125
2718,104.6858215
2720,110.6767807
2721,97.35642242
2726,89.96740723
2728,94.97727203
2731,105.9891205
2732,107.5870743
2734,90.0970993
2736,97.66479492
2737,89.14515686
2738,101.0117874
2739,133.306366
2746,94.22522736
2749,99.05418396
2751,117.2481842
2752,106.1667938
2753,93.91870117
2757,102.5778427
2758,85.44589996
2759,106.4506454
2760,103.2990799
2762,108.0635605
2764,95.24806213
2765,117.8612289
2769,111.1603851
2771,109.1942902
2774,96.22743225
2776,90.25048065
2777,126.0854416
2778,97.92554474
2779,113.4487152
2782,86.10098267
2784,104.223526
2787,96.06885529
2789,89.56846619
2792,91.00010681
2798,106.817894
2799,102.3034668
2800,99.77814484
2801,88.70167542
2802,93.615448
2804,93.32331085
2807,96.15822601
2808,99.9750824
2809,116.0860596
2811,120.7245102
2812,97.49237061
2814,91.38986969
2816,102.3803101
2817,114.9812698
2818,105.8124771
2820,111.3532028
2821,81.11302948
2822,88.4135437
2823,106.464798
2824,97.8497467
2826,91.09972382
2829,107.2906799
2834,90.75980377
2835,74.9907608
2838,98.15817261
2839,106.1213303
2840,93.62454987
2841,108.8473053
2842,95.90123749
2846,115.0788803
2848,92.71592712
2849,88.88041687
2850,109.6737671
2851,97.32613373
2853,95.09321594
2854,109.2640686
2858,113.382843
2861,86.38052368
2864,94.08126831
2865,113.5101013
2866,112.2660904
2867,88.98540497
2868,115.5372391
2870,107.3867264
2877,104.749939
2878,110.2276382
2880,110.1260605
2882,76.36911011
2883,97.49131775
2884,98.81591034
2885,105.5639725
2887,94.92346954
2888,107.9879532
2889,100.0615158
2890,104.8641205
2891,82.47223663
2892,114.5928955
2893,101.5503235
2898,119.7105331
2899,84.14622498
2900,119.5861206
2901,100.281189
2909,97.47091675
2910,112.1630554
2911,119.3115921
2913,116.6768494
2914,95.92254639
2918,82.78181458
2919,104.0689011
2920,100.727951
2921,110.2276382
2922,102.3702087
2923,104.9926682
2925,116.9865112
2926,90.34091187
2927,111.548912
2929,111.9827423
2933,92.18115997
2934,117.2919617
2936,109.0972443
2941,102.7425003
2942,89.26875305
2943,110.355217
2945,99.97801971
2950,100.3446503
2951,112.3154297
2953,119.3651276
2954,97.08062744
2955,99.00680542
2956,89.90878296
2960,90.43391418
2962,83.37368011
2963,106.8715973
2964,105.1860886
2966,83.70070648
2967,92.17655945
2968,113.6770477
2969,90.66934967
2971,97.70808411
2972,98.12036133
2974,93.64636993
2975,109.4256363
2977,117.1845474
2980,111.5660858
2981,91.95149994
2983,94.02468109
2984,105.7768097
2985,117.7559509
2986,103.832222
2987,98.12036133
2989,93.19203186
2990,111.764122
2991,93.39685822
2992,75.3348465
2995,102.1794739
2996,99.31054688
3002,120.4719162
3004,114.367218
3005,117.8263321
3006,99.121315
3010,91.22720337
3011,106.9402313
3014,89.71456146
3015,90.44956207
3016,89.9047699
3017,118.0291748
3018,90.94554138
3021,101.6248169
3024,106.7304688
3028,93.82939911
3030,90.57819366
3032,90.88243866
3039,95.56874084
3040,106.4344864
3041,103.0539856
3043,93.71528625
3044,111.6995392
3046,110.4214172
3055,94.1015625
3056,114.8741989
3058,96.67292786
3059,114.3403091
3061,119.3719101
3063,110.7537689
3066,96.21166229
3067,106.7304688
3068,78.61164093
3069,89.50527191
3072,113.0502548
3073,110.5059433
3074,86.730896
3077,97.79758453
3082,90.78581238
3084,102.1794739
3085,116.4680634
3088,108.6588821
3091,99.8804245
3092,116.6063309
3093,86.0221405
3094,104.8886032
3096,110.3597031
3097,89.1450119
3098,79.57352448
3102,115.7226486
3106,96.04833221
3109,94.23677826
3111,89.59257507
3112,117.8263321
3113,92.63070679
3115,109.1944504
3116,109.2062073
3117,90.96668243
3121,109.1578903
3122,86.34391785
3123,97.23942566
3124,99.6548996
3125,89.9047699
3126,99.42797089
3127,117.032135
3129,90.99668884
3130,112.3490906
3132,106.3252258
3134,106.9119339
3135,98.54483032
3137,77.51821899
3138,103.9401321
3140,83.72050476
3144,111.7944794
3145,99.40960693
3146,111.5001831
3147,91.32129669
3148,100.9485321
3149,100.5195389
3150,113.346405
3151,93.16171265
3152,99.63233948
3155,101.2767715
3156,109.8775787
3159,90.89603424
3161,91.89806366
3162,108.9358521
3163,92.01079559
3165,98.76969147
3172,96.7217865
3173,109.9504318
3176,86.97115326
3177,106.4764175
3179,109.4256363
3183,90.9513092
3186,100.1366272
3187,101.7829514
3189,108.4225769
3190,102.0868759
3192,117.032135
3193,96.7217865
3194,114.5575867
3197,95.33130646
3198,93.74275208
3200,96.35519409
3201,114.8424683
3202,93.74275208
3204,94.98699951
3205,91.5802536
3206,110.9116821
3208,103.4951859
3210,98.88166809
3211,95.5490799
3212,119.3719101
3213,104.7564011
3214,112.4047699
3216,110.3602448
3219,92.05965424
3220,103.8338852
3221,92.63070679
3226,103.7553253
3227,92.49256897
3228,113.0263443
3229,92.70064545
3232,76.82124329
3233,96.17432404
3234,90.31758118
3236,96.5315094
3238,110.7119446
3239,107.7362595
3240,93.52114868
3247,112.0306396
3249,98.1374588
3252,115.683342
3253,97.67141724
3254,99.72085571
3255,89.25965118
3256,123.6176834
3257,89.05531311
3262,99.94366455
3263,107.2952042
3264,89.90878296
3266,117.0634613
3267,93.24669647
3269,96.90091705
3272,117.7559509
3274,95.33130646
3275,102.3510437
3277,100.747673
3279,98.15463257
3280,103.6302109
3283,95.12277222
3285,94.19689941
3287,88.11097717
3288,106.7304688
3290,107.7610931
3291,94.2378006
3298,112.1663971
3299,90.92737579
3302,109.0504074
3303,89.94470215
3304,102.7987061
3307,98.50758362
3309,93.49170685
3314,78.25953674
3316,117.8557587
3317,101.9874954
3319,99.96608734
3320,120.8278122
3321,96.14912415
3322,110.3050766
3324,91.67953491
3326,82.85758972
3329,111.4624176
3330,89.92784882
3331,113.3499908
3335,119.0169144
3337,89.08335876
3338,102.3881149
3339,99.1361084
3340,108.6651382
3341,97.55089569
3343,92.68350983
3346,95.73666382
3348,88.01826477
3351,104.6055527
3352,120.3805695
3355,90.32459259
3356,112.429718
3358,100.9055481
3359,93.31311035
3360,108.9142685
3371,111.9433441
3372,104.133194
3374,91.63459015
3377,114.0208893
3378,88.64066315
3380,101.3324661
3382,91.79655457
3386,86.76165009
3389,116.7902222
3391,105.9321442
3393,97.80222321
3394,102.8788681
3395,91.30547333
3397,110.004837
3398,96.39910889
3399,77.25164032
3400,91.97937775
3404,103.4880981
3407,112.3727417
3409,111.0685654
3419,99.12945557
3421,89.19213867
3425,96.4751358
3427,75.90961456
3428,117.5931015
3429,114.5927429
3431,91.80384827
3435,93.54953766
3436,111.1847153
3439,101.501442
3441,98.29181671
3442,117.5931015
3443,103.4945679
3444,102.1746445
3445,94.87541199
3446,110.9897919
3449,90.26921082
3453,90.20466614
3457,93.2677536
3460,102.7852402
3461,91.57554626
3462,89.92247772
3464,112.6316681
3465,80.00795746
3466,98.69477844
3467,100.118988
3468,95.8478241
3469,103.0018692
3470,99.71006012
3472,110.0639877
3473,93.41111755
3475,92.25341797
3476,114.00634
3478,103.4495392
3479,98.75930786
3483,87.56441498
3484,104.5919571
3485,94.15637207
3487,93.6324234
3488,108.8742523
3496,111.1257401
3497,95.12470245
3499,91.37644196
3500,79.09519958
3501,100.5405579
3504,91.03442383
3508,105.8701248
3511,91.07566071
3512,110.0168686
3515,94.53679657
3517,95.83319092
3518,112.3978424
3526,113.6652451
3528,122.4083252
3529,94.10263824
3530,115.7783585
3531,91.73524475
3532,119.6399689
3533,91.25895691
3534,87.58435059
3535,78.73331451
3536,92.63204193
3537,114.9191055
3538,87.52392578
3539,117.0408554
3540,107.1325378
3545,115.2597351
3546,88.49479675
3550,99.72637177
3551,90.89699554
3553,98.70843506
3554,102.7852402
3557,90.3817749
3558,115.1546478
3559,90.26921082
3561,90.56292725
3562,110.004837
3563,86.15346527
3564,104.6055527
3565,94.87541199
3567,96.00051117
3571,104.6055527
3572,94.25473022
3574,93.23384857
3576,94.16159821
3577,114.3291626
3578,101.3078079
3579,92.31772614
3583,96.34716797
3585,92.37545013
3586,102.6088791
3587,111.9096603
3593,96.08079529
3594,116.3403091
3595,95.72197723
3599,94.53127289
3600,105.8650055
3601,110.0639877
3602,90.26921082
3604,91.021492
3609,114.6635818
3610,105.9141464
3612,109.3776627
3614,129.1801147
3615,91.86755371
3617,107.4731598
3618,112.1322403
3619,110.4581375
3620,111.8824463
3621,95.67694855
3625,92.09598541
3626,103.093895
3630,104.4163971
3631,96.09633636
3632,99.40396881
3633,90.91963196
3634,113.6685562
3637,96.822258
3639,89.71695709
3640,113.0224915
3641,101.151825
3644,118.3318634
3645,93.36035919
3646,91.97814941
3647,88.93565369
3648,107.6373444
3653,112.5526428
3654,107.8883591
3655,116.9508209
3659,103.3625412
3660,98.12944031
3662,117.2731171
3666,94.39302063
3668,92.23912048
3671,100.5632477
3673,96.15262604
3674,116.6308823
3675,91.56479645
3681,89.07389832
3682,111.7730103
3686,112.0117188
3687,93.08144379
3692,77.03752136
3695,116.1808853
3696,98.93310547
3699,110.4949417
3705,113.0262527
3707,79.89093781
3708,95.84944916
3709,111.5840073
3710,92.85357666
3712,94.06710052
3715,111.9750443
3716,90.76439667
3720,108.0030594
3722,79.89093781
3726,96.9707489
3728,90.44202423
3729,113.6193085
3731,104.8915024
3735,111.5107574
3736,93.58144379
3739,100.0409775
3741,112.4093323
3743,99.77957153
3744,93.94149017
3745,113.2923584
3746,97.20162964
3751,91.96339417
3753,88.91273499
3760,110.6574554
3761,89.79283142
3762,110.2338562
3763,92.21417236
3765,92.54705048
3768,114.2105331
3769,93.83189392
3770,104.4473343
3773,107.9732819
3774,91.24559784
3776,93.80725098
3778,88.98609924
3779,109.0102615
3780,103.0019226
3781,112.1486664
3782,91.90090942
3783,110.8890228
3784,91.64517212
3786,95.10456085
3789,104.677742
3790,87.7644043
3793,113.8818893
3795,108.2649994
3797,92.4230423
3798,116.0248566
3800,112.0702896
3804,101.8880997
3810,94.15427399
3815,111.3932953
3816,101.8880997
3818,104.9583359
3824,109.898819
3828,102.626152
3830,108.7781525
3831,87.00260925
3832,73.75249481
3834,111.2187958
3835,87.07241058
3836,108.6643982
3838,93.02026367
3839,117.2763519
3840,113.4587479
3845,87.29727173
3846,112.5436172
3847,96.90420532
3849,76.95179749
3853,104.5262146
3855,103.6035309
3856,91.04204559
3864,77.82952118
3865,94.74127197
3866,114.7004471
3867,91.23970795
3868,112.0702896
3869,93.2303772
3871,90.7073288
3875,100.837822
3876,95.84659576
3878,98.62940979
3879,107.7794571
3881,112.0702896
3883,111.0995636
3884,86.8998642
3886,111.9571381
3890,90.39328003
3893,103.913765
3897,101.0114212
3901,89.91873932
3902,109.3068695
3913,120.0697708
3914,85.74324036
3916,90.05167389
3917,107.8481293
3924,103.0171509
3925,96.91279602
3928,93.81947327
3929,114.940834
3932,94.23121643
3933,106.5665894
3934,81.70904541
3935,90.63718414
3936,96.79341125
3937,113.2393494
3938,94.90078735
3939,108.3632278
3943,84.9553833
3944,110.6765366
3945,108.359726
3946,91.376091
3947,113.0561981
3948,88.01947021
3949,108.9957275
3950,90.35732269
3951,108.1651306
3952,89.83103943
3953,113.2325287
3961,114.4985275
3962,91.97503662
3966,89.93167877
3967,104.4684906
3968,98.27818298
3969,113.8512192
3970,87.46568298
3971,100.635643
3973,91.61713409
3974,108.8526688
3975,118.0331039
3977,162.8258209
3979,110.6383514
3985,90.91777039
3986,103.5953445
3988,107.1107864
3991,90.3216629
3992,101.3720245
3993,93.02304077
3994,107.1922684
3995,110.3650284
4005,105.8344955
4007,88.949646
4008,104.2972565
4009,86.1039505
4010,114.8111267
4011,77.9684906
4012,91.42022705
4013,110.7909546
4015,114.4916
4016,109.8762817
4018,108.8122101
4025,92.57035065
4026,109.0330658
4028,115.0788498
4029,93.05553436
4031,96.45614624
4032,110.124939
4033,88.00274658
4034,109.6366882
4037,84.84828186
4038,110.0981293
4039,96.81530762
4041,90.53375244
4042,108.5317764
4043,96.41519928
4044,106.5665894
4045,91.0684967
4046,123.3944092
4047,92.28049469
4048,99.46798706
4049,105.0270081
4051,89.02187347
4052,113.512886
4058,99.74324799
4062,108.7408447
4064,107.6494827
4067,92.87963104
4068,76.37654114
4070,90.66687775
4072,111.5681381
4074,116.1457138
4075,76.31837463
4076,112.8075333
4077,100.2496033
4078,108.8824997
4080,106.5665894
4082,119.7231827
4085,91.69843292
4086,113.9534836
4088,109.0330658
4089,85.82341766
4092,77.85730743
4094,90.00032806
4095,109.9114609
4096,91.6980896
4097,103.5672989
4102,87.51806641
4105,107.7631989
4107,112.4674377
4111,92.04669189
4112,106.4151154
4113,93.04134369
4114,116.3832779
4115,90.54241943
4116,115.7784729
4117,94.61862946
4118,97.3806076
4119,112.2845306
4120,102.937767
4122,77.431633
4125,92.06278992
4126,115.2269135
4129,110.4762802
4134,113.5371552
4137,94.84687805
4141,98.52937317
4142,99.87400818
4144,94.62473297
4145,103.0171509
4146,101.116806
4150,89.03756714
4151,71.71476746
4154,92.87963104
4156,97.21372986
4157,110.0968704
4159,109.8762817
4160,98.64769745
4161,107.9910583
4168,94.55573273
4171,99.80780792
4172,112.4457169
4173,93.5259552
4175,89.86922455
4176,106.5665894
4177,94.62473297
4178,100.9167404
4179,92.14201355
4181,117.412529
4183,93.05553436
4184,119.5803757
4185,90.31887054
4186,116.4810638
4188,121.3211746
4190,111.3402557
4192,89.4629364
4193,103.5176849
4194,112.0093536
4195,94.49062347
4196,77.31383514
4202,88.55924225
4203,101.9349518
4208,85.96562958
4209,117.7454453
4210,92.59638214
4211,111.5407639
4212,114.5237427
4214,102.594017
4215,91.49863434
4216,114.315033
4217,90.40901947
4219,101.2373199
4222,113.2393494
4224,80.03465271
4231,101.1531296
4232,93.05553436
4234,93.0374527
4236,94.62473297
4237,101.7128067
4240,94.68930054
4242,100.6755981
4243,93.31574249
4247,92.41587067
4248,110.1569672
4249,91.35543823
4254,102.120491
4263,87.71782684
4265,107.8053055
4267,111.944603
4268,112.217804
4271,110.1516418
4272,94.40984344
4273,107.3772507
4274,89.43068695
4276,95.03760529
4278,92.91534424
4280,88.52445221
4281,108.5112381
4283,95.09163666
4284,108.5719604
4285,93.49797058
4286,110.7136002
4287,93.82881927
4288,113.9875183
4289,91.48791504
4290,75.8611145
4293,93.41824341
4296,111.816124
4297,90.83494568
4299,96.66217041
4303,118.20401
4310,96.61077881
4312,107.1941757
4318,102.203476
4320,121.4472733
4322,87.62425995
4323,122.1090546
4325,107.7787704
4326,115.4139252
4328,101.3081894
4330,104.0328293
4332,110.5785599
4333,91.43280792
4335,95.20019531
4336,109.6540833
4338,104.8861847
4341,93.08113861
4342,105.8318024
4344,100.3461304
4347,95.10597229
4348,103.3458099
4351,111.0666275
4352,93.18106842
4353,113.2346725
4355,104.6239929
4356,94.75914764
4359,109.3875504
4360,93.24253845
4361,99.5923996
4364,102.352951
4365,103.1869736
4368,99.56752014
4372,101.2800751
4374,92.24572754
4376,90.39823914
4377,100.1034241
4380,97.82527161
4383,106.7143326
4384,92.33216095
4385,101.6416321
4389,81.68771362
4391,93.86618042
4392,109.6262131
4393,93.21079254
4395,92.85391998
4396,112.9231644
4398,114.005043
4399,110.3289566
4401,92.17914581
4406,97.79722595
4408,111.1667633
4412,103.3458099
4415,97.0272522
4418,120.5643692
4419,92.24572754
4420,79.44165039
4422,111.7642059
4423,92.24572754
4425,94.2019043
4428,111.5527573
4431,114.1045151
4434,93.48040771
4436,95.01301575
4437,107.122963
4439,117.6008759
4440,100.1573257
4441,114.6190186
4444,94.27355957
4445,108.0110626
4446,87.73632813
4447,123.6624756
4452,112.0284882
4456,114.9255524
4457,97.12908936
4458,120.5184631
4460,94.75914764
4461,119.8712158
4462,102.7236786
4465,103.8418427
4466,98.78704834
4468,95.17378998
4469,104.0277786
4472,115.3192139
4475,93.20069122
4478,87.4672699
4479,115.6867218
4480,92.90401459
4483,79.89888
4484,97.221138
4485,104.7121658
4486,93.42298126
4488,91.46260834
4489,103.2093353
4490,97.72509766
4491,118.3338242
4492,95.12212372
4493,108.5106125
4494,97.26143646
4495,104.2196426
4498,81.71981049
4499,93.92636108
4500,105.4895248
4503,120.2488632
4505,104.6481476
4506,100.687294
4507,102.2940369
4508,102.203476
4510,113.5934753
4511,89.30917358
4513,94.0447464
4516,82.19981384
4519,93.32472229
4521,95.63050079
4531,88.72831726
4532,80.83885193
4533,89.60425568
4534,110.8106613
4536,102.203476
4537,97.12908936
4539,103.169075
4542,103.044281
4545,90.23802185
4549,90.69525146
4551,96.31713104
4554,104.9250107
4556,120.3783112
4559,111.4396133
4561,110.7114639
4562,110.9163895
4566,114.4310837
4569,92.89557648
4570,112.9231644
4573,94.07543182
4574,105.3127975
4575,95.88439941
4577,95.09083557
4578,111.4619217
4580,113.6744156
4582,99.29941559
4583,111.7642059
4585,96.92823792
4587,102.203476
4595,89.99601746
4596,113.0690231
4601,104.3995438
4602,112.9607697
4603,99.2314682
4605,117.8416824
4606,93.81079865
4607,119.3561401
4608,100.7807388
4610,94.30399323
4613,104.1259232
4617,92.33541107
4618,111.3217468
4619,86.81291199
4620,92.32360077
4622,101.9577255
4625,94.75914764
4626,102.203476
4627,95.15813446
4629,98.83885193
4631,85.1343689
4633,102.203476
4634,117.3062134
4635,88.00640106
4639,89.31642914
4640,114.9656601
4642,100.6014328
4644,112.5631104
4646,102.203476
4647,91.80212402
4648,84.68357849
4649,93.31388855
4650,108.8974075
4655,90.69525146
4660,89.5059967
4661,108.7332993
4662,89.19837189
4663,114.2023544
4665,102.8721695
4666,113.8084488
4667,105.7685318
4668,99.57433319
4670,99.20096588
4671,104.6291885
4672,103.6014938
4673,101.9406891
4675,112.3172455
4676,98.66458893
4677,108.4639587
4680,89.71135712
4682,87.80988312
4683,120.2438049
4685,103.3458099
4686,89.38006592
4688,115.7761459
4690,119.796814
4692,116.4601669
4693,95.91766357
4697,95.24260712
4700,112.2613831
4702,106.2913742
4707,119.9233551
4708,90.97236633
4710,83.40324402
4716,91.56832886
4717,94.24044037
4718,96.7383728
4720,96.40703583
4721,76.63933563
4723,104.8104858
4726,106.9687881
4727,88.32963562
4729,93.08556366
4731,100.6755753
4732,115.3841858
4735,92.10716248
4736,99.92259216
4737,96.85514832
4738,111.9609451
4739,109.4396286
4744,99.12252808
4747,93.71624756
4749,117.0429993
4750,90.97236633
4752,113.5061646
4755,100.0602188
4756,99.90912628
4757,108.303894
4758,84.60855103
4759,96.98684692
4763,94.85730743
4764,106.6360474
4765,93.87660217
4766,88.02970123
4767,121.5660553
4769,120.4826889
4770,94.26641083
4771,76.60383606
4772,105.8234024
4774,115.1945724
4776,120.980545
4777,106.8284454
4778,98.89618683
4780,94.61778259
4784,90.33206177
4786,105.7753448
4787,80.39600372
4788,109.9712219
4789,113.5061646
4791,102.0114899
4792,89.757164
4795,108.8905411
4796,88.54889679
4803,93.93914795
4805,100.1117096
4807,99.89213562
4809,89.57324982
4816,104.2919312
4817,73.01197052
4818,85.40844727
4820,100.8482132
4821,102.9579773
4823,106.6531982
4824,100.7831192
4825,120.8556061
4829,96.9882431
4830,97.79075623
4831,117.1539917
4833,105.0090866
4836,100.5819473
4837,115.7761459
4838,89.45032501
4840,95.8182373
4841,78.58783722
4842,85.51399231
4843,112.0845184
4844,93.16473389
4849,103.5611191
4851,103.3680496
4852,99.74507904
4858,88.96582031
4860,97.79075623
4863,109.0657806
4864,97.42394257
4865,112.8165512
4867,110.6300125
4868,99.38852692
4869,114.5951691
4873,93.31761932
4875,104.1094055
4876,117.0189819
4877,92.3919754
4878,108.0419922
4880,77.93623352
4886,114.9649124
4888,100.3578644
4889,103.057869
4890,119.9367218
4893,91.71012115
4895,96.25357819
4896,107.7831421
4899,89.420784
4901,93.91428375
4902,108.0690536
4903,104.4133224
4904,113.5061646
4910,101.2799454
4912,91.53534698
4915,108.9460068
4916,99.36553955
4917,101.7178268
4920,105.8234024
4927,97.10420227
4928,90.74710846
4931,101.5647202
4934,86.94258881
4936,104.8108292
4939,123.2951965
4942,114.4375916
4943,107.6136703
4944,103.2439804
4945,94.09231567
4947,109.0491714
4948,99.67879486
4951,92.88804626
4952,113.5061646
4953,89.86476135
4956,104.4133224
4957,124.1059647
4958,82.22059631
4960,91.05059814
4968,91.16594696
4969,102.000145
4971,103.0802231
4973,116.3677063
4975,114.3151703
4976,98.25214386
4978,93.06134033
4979,103.0299454
4982,103.3978119
4983,113.2044449
4984,97.96645355
4985,120.3884201
4986,91.75688934
4987,131.374588
4988,97.82476044
4994,95.3777771
4995,92.30467987
5002,82.89067078
5004,100.6209106
5005,104.2334213
5006,91.89533234
5007,101.5223694
5009,115.8880463
5011,116.3677063
5014,96.14051819
5015,96.30698395
5018,100.640564
5019,110.2605362
5020,87.64060974
5021,115.5044632
5022,100.996582
5023,94.67671967
5025,104.2958374
5032,99.51928711
5034,99.60219574
5036,90.58573151
5038,91.28414917
5039,110.9587555
5046,98.40285492
5049,110.2605362
5051,94.17589569
5052,90.79701996
5053,115.1945724
5054,97.07289886
5055,92.23719025
5057,96.28451538
5059,90.31268311
5062,106.5365295
5063,120.4990234
5065,120.3920288
5069,92.16616058
5071,103.4937668
5074,110.4646912
5075,94.48057556
5076,121.149353
5077,78.02883911
5079,99.56826019
5080,95.95521545
5081,115.5912094
5083,98.10990906
5088,96.45133972
5089,89.95281982
5093,105.8985291
5094,107.364296
5095,88.5875473
5099,108.0555801
5101,111.5779343
5103,101.2810898
5104,86.40408325
5105,113.4882736
5107,97.28507233
5108,108.6354675
5109,86.34046173
5111,99.70878601
5112,108.6405334
5113,88.78273773
5114,113.8303833
5115,100.556633
5118,90.23051453
5122,89.4671936
5123,81.1962204
5125,89.50204468
5127,102.196022
5128,88.85987091
5129,110.301384
5132,95.18549347
5134,121.8587189
5135,94.59802246
5137,116.8411942
5142,92.1171875
5143,104.3724289
5144,106.2399445
5148,96.46599579
5149,100.0366974
5150,103.4815216
5154,79.59477234
5155,93.18011475
5159,94.45039368
5164,91.7386322
5165,122.3586197
5166,95.41604614
5167,118.3822327
5169,89.32936096
5171,95.0293045
5172,111.9697189
5176,95.6097641
5184,108.9570389
5185,91.19822693
5186,112.4140396
5188,103.2832336
5189,113.6053925
5190,103.5690308
5191,122.3586197
5193,113.1835938
5196,95.05513
5199,76.52666473
5200,104.8020782
5203,91.26937866
5204,126.1133118
5205,105.5035782
5207,92.38983154
5208,112.4288788
5212,96.84628296
5214,96.57000732
5218,88.72994232
5220,100.9757233
5222,96.79949951
5224,95.8433609
5225,104.1211243
5227,117.663887
5229,105.3397369
5232,92.82537079
5233,114.3745956
5234,110.2013397
5237,111.3874817
5239,114.5603333
5240,96.68292999
5241,113.9370804
5244,99.9716568
5248,111.9362488
5251,95.38788605
5253,95.95239258
5255,97.57240295
5256,101.8026123
5257,91.21604156
5259,98.24568939
5260,112.3049316
5266,97.27754211
5268,99.35681915
5275,111.4479141
5276,115.0038528
5277,93.32289124
5279,96.22263336
5280,101.1254807
5281,92.94996643
5283,97.58460999
5284,81.52529144
5285,87.11396027
5286,98.94547272
5287,86.57115936
5289,97.14085388
5290,113.1835938
5292,108.6801834
5293,95.4016571
5294,101.2788467
5297,106.8806381
5299,100.7680435
5302,104.0785599
5305,77.8391037
5306,97.49298096
5308,94.0493927
5309,94.15782166
5310,119.2362442
5312,112.6516037
5316,122.8073578
5317,92.54704285
5319,79.54776001
5320,97.88407898
5323,96.19263458
5329,111.5399017
5331,112.3173752
5334,111.8524017
5336,114.0113525
5338,103.5082321
5341,105.1371689
5345,106.9375839
5348,102.3819962
5349,118.3472366
5355,120.1455917
5356,98.45090485
5360,110.5846786
5362,116.5295563
5364,117.5195923
5366,108.5745468
5367,90.67874146
5368,93.63545227
5370,88.15575409
5371,77.32513428
5373,108.5786209
5375,111.3874817
5376,89.91771698
5378,116.9877319
5379,98.62413788
5383,95.05088806
5384,108.2142334
5389,116.1233673
5391,77.67427063
5393,110.4942627
5395,118.412674
5397,110.9806061
5398,92.86729431
5399,118.0660629
5401,121.2526932
5402,90.03807068
5403,114.2941666
5404,94.11928558
5407,77.9552536
5408,89.30090332
5413,111.3810043
5414,93.87565613
5417,93.72634125
5418,108.6801834
5420,110.8077698
5421,98.52772522
5424,98.34555817
5425,126.1133118
5426,91.64741516
5429,114.1951523
5431,95.40539551
5437,96.58670044
5440,98.38280487
5444,105.9038239
5446,111.9668274
5447,95.92047119
5451,100.387001
5452,109.437233
5455,110.2013397
5456,95.09767914
5458,89.86962891
5459,116.4057159
5460,102.1207581
5462,95.74599457
5463,107.5047913
5464,99.85803223
5465,117.207695
5466,99.22202301
5467,103.901619
5468,96.44259644
5469,115.5863342
5472,103.4960403
5474,98.67978668
5475,100.7298889
5476,95.88871765
5479,109.4108276
5480,113.4930344
5482,120.7161713
5485,97.84783173
5486,118.4709549
5488,83.97031403
5495,105.3397369
5496,96.82252502
5497,110.1009216
5499,114.9636536
5503,100.9463043
5504,89.93576813
5507,97.02925873
5509,98.02190399
5511,97.9870224
5512,113.5636063
5516,107.4682846
5517,97.87231445
5518,107.3440933
5521,92.09950256
5522,102.6948776
5527,92.79354095
5528,96.69487
5529,106.9201431
5532,85.41600037
5533,122.288269
5535,103.5605164
5536,108.8790512
5540,96.97637939
5547,97.51226807
5548,112.204689
5550,75.77310181
5551,97.60161591
5554,111.4127579
5555,87.96279907
5559,115.1383057
5560,90.47852325
5561,113.8030319
5562,94.8519516
5563,116.2702255
5565,78.27610779
5566,89.15885162
5567,101.5735855
5568,96.12604523
5572,102.4760666
5574,97.3737793
5576,101.7766113
5579,108.9235611
5580,72.39450836
5581,94.46134186
5583,92.43950653
5584,116.1003647
5586,112.4800797
5587,91.20349884
5589,98.9730835
5591,101.02845
5592,103.5771103
5593,125.0443344
5594,91.88910675
5595,71.31121063
5596,112.0760193
5597,111.2264938
5598,114.2434769
5599,95.76326752
5602,116.4280853
5603,91.88910675
5605,94.70407867
5607,90.73313904
5608,118.3246918
5609,93.9230957
5610,92.95219421
5612,94.19913483
5613,110.3980789
5614,96.41854095
5616,99.27539825
5621,105.3325958
5623,100.2328949
5628,110.9481277
5629,97.45658112
5631,93.36489868
5633,111.3283157
5638,109.9307556
5639,99.12678528
5640,106.7926788
5645,107.5755768
5646,75.12497711
5649,95.34925842
5653,115.7639008
5655,114.8436203
5656,99.67961121
5658,96.60417938
5662,116.8033066
5663,92.89567566
5667,96.97464752
5670,95.76326752
5671,99.16201782
5672,100.7489243
5673,99.25544739
5674,101.1283188
5675,104.0268326
5676,95.04910278
5679,111.0683594
5683,117.0137329
5687,91.10140991
5688,75.5787735
5690,84.35548401
5691,112.7178345
5692,91.40052032
5693,111.0530624
5694,99.19261169
5697,112.4955444
5698,92.58840942
5699,108.588356
5704,94.31692505
5707,111.0683594
5709,102.6950607
5710,100.9380569
5714,96.84405518
5718,95.40751648
5721,99.13299561
5723,105.0665894
5724,113.3278198
5725,93.54529572
5726,101.3863068
5729,109.0461502
5730,106.6541748
5731,95.39457703
5733,72.93203735
5736,99.1212616
5741,104.1356888
5745,108.8253937
5747,97.21946716
5748,103.5787048
5750,108.2395096
5751,95.66234589
5752,95.31005859
5754,103.6641693
5755,85.77088165
5757,88.63193512
5758,119.0109253
5760,99.37232208
5762,99.18831635
5766,114.2735748
5768,102.7439728
5769,115.9403839
5770,94.17002869
5771,112.3075104
5772,95.38648987
5773,114.5942078
5774,91.41011047
5776,94.07363129
5777,108.588356
5778,92.62617493
5780,106.7675781
5782,90.10861969
5783,70.05420685
5784,95.70446777
5786,92.39137268
5788,92.03912354
5789,113.2475662
5790,95.84594727
5791,100.3729019
5793,102.4687042
5794,95.87567139
5796,119.1067886
5797,99.07743073
5801,94.95340729
5803,91.10140991
5804,116.9763412
5805,97.74633789
5806,74.85316467
5808,107.942009
5813,96.91860199
5815,94.27793884
5816,106.0929184
5822,105.3981247
5823,107.5806885
5825,105.5938873
5827,109.243187
5829,100.4607925
5830,102.2269821
5831,109.2123184
5832,102.8038712
5833,107.942009
5837,112.1958694
5838,96.6606369
5839,87.49980164
5842,106.7926788
5844,111.1380463
5845,100.1179733
5846,111.089592
5848,74.10851288
5850,117.2051926
5851,94.92865753
5853,102.7439728
5854,101.8302155
5858,106.7926788
5860,113.5334091
5864,102.2208939
5866,97.70554352
5867,111.0683594
5868,91.9016571
5869,118.0629578
5870,99.7935791
5871,117.568306
5874,117.5912094
5876,112.5308304
5877,86.76026154
5878,98.09762573
5879,107.6404114
5880,92.05580902
5884,103.5707321
5886,112.2467346
5890,105.5019608
5896,95.59120178
5897,106.3068085
5898,102.7439728
5901,104.9203644
5903,109.826561
5906,92.95219421
5908,111.3600464
5909,94.91389465
5910,110.3980789
5911,95.43589783
5912,112.6070938
5914,117.5912094
5919,110.5070038
5924,106.5172653
5926,89.03366852
5929,96.02220154
5930,97.30251312
5932,97.27053833
5933,127.9266205
5934,98.02082825
5935,110.7514038
5936,99.01301575
5937,108.7260208
5938,93.13916016
5939,106.4812622
5942,107.5123901
5943,100.5147705
5944,103.6217651
5946,108.2149277
5951,94.996315
5953,102.7499008
5954,91.75967407
5957,109.6051941
5961,106.1913528
5962,109.5424576
5964,82.86855316
5965,95.82486725
5968,115.9990616
5969,92.13788605
5974,92.36476135
5975,106.7152786
5978,76.7437973
5981,107.8789673
5982,95.84751129
5983,116.5593872
5989,116.3379364
5991,95.61482239
5992,96.6969986
5995,98.74435425
5996,103.4803085
5997,107.339386
5998,93.93540955
5999,69.80373383
6001,116.2625198
6002,98.55049896
6003,107.8662491
6004,91.75967407
6006,112.1227417
6007,98.91048431
6011,99.28317261
6012,105.1016083
6014,93.71552277
6015,104.4816437
6016,94.14596558
6017,107.9369659
6018,100.5438919
6024,92.77701569
6025,103.7527847
6026,110.5605545
6028,113.9509277
6029,83.62747192
6030,94.83286285
6036,115.9990616
6040,94.7400589
6041,105.6503754
6042,87.18438721
6044,93.01504517
6045,103.3394012
6047,96.85411835
6048,92.97049713
6049,115.7368164
6051,111.179657
6052,115.0363083
6053,87.72444153
6054,107.0545807
6058,100.2601318
6059,94.00105286
6062,98.61035919
6063,118.3365784
6064,99.90913391
6065,94.7400589
6067,101.9558029
6068,110.9454803
6070,103.9065247
6071,109.9530106
6072,112.7855606
6080,112.7855606
6081,96.01571655
6084,105.2930984
6087,92.79608154
6089,100.2931442
6092,112.7855606
6094,91.02849579
6095,114.3665009
6097,114.9897003
6100,92.97798157
6104,104.5267715
6105,98.57719421
6106,113.5322418
6107,80.38570404
6108,91.16111755
6109,112.7855606
6110,91.12809753
6114,112.7855606
6116,93.72782898
6117,100.4618149
6118,94.17980194
6123,78.13477325
6125,117.1415634
6128,106.4530487
6130,102.7771912
6132,108.2529831
6137,78.15896606
6139,129.6038513
6140,97.06096649
6141,116.0552902
6142,97.8087616
6144,114.4349747
6145,92.32189941
6146,97.5838089
6149,85.33338928
6156,98.03720856
6159,115.3159332
6160,97.06096649
6162,102.797226
6164,113.6160507
6165,91.89788055
6168,76.42974091
6169,109.9702454
6170,91.53445435
6171,107.8694687
6172,90.77812958
6173,113.4181213
6176,108.8011551
6177,90.18218231
6178,88.09270477
6180,91.24099731
6181,99.56464386
6182,96.10134888
6185,90.84372711
6186,109.5825195
6188,116.7718277
6189,95.18894196
6192,105.2930984
6193,93.75441742
6194,103.3394012
6195,81.37680817
6196,119.2379456
6197,97.40545654
6201,107.1837692
6202,85.98303986
6203,112.3265533
6204,98.59724426
6207,126.7236099
6209,103.7215424
6210,90.02817535
6211,113.3951721
6213,111.4710999
6216,91.29514313
6217,90.80233002
6219,93.43678284
6222,78.78729248
6223,103.2396393
6235,100.0456543
6240,95.71412659
6242,92.68721771
6247,93.87260437
6251,108.8648529
6254,109.8264999
6255,91.39204407
6260,99.83100891
6261,95.18946075
6262,97.25842285
6264,109.1206436
6269,109.0737305
6271,110.6459427
6275,115.6289215
6276,95.65518188
6278,101.4756546
6279,115.6949692
6281,121.0320053
6284,98.30428314
6286,86.6532135
6287,81.98187256
6288,90.09014893
6292,91.93360138
6293,89.78271484
6295,86.28092957
6298,114.3936462
6300,104.993309
6304,102.5803909
6308,108.4974899
6310,89.29203033
6312,112.7855606
6320,93.64246368
6324,95.94631195
6325,112.1587524
6330,93.99012756
6336,110.9604492
6340,112.7546158
6341,100.0456543
6342,101.2322998
6344,96.01560974
6345,112.0857468
6347,116.7573166
6348,98.92027283
6349,114.3936462
6351,77.14473724
6353,115.4452362
6354,93.84146118
6357,102.0073395
6358,106.085083
6360,106.6356659
6363,105.4787292
6364,91.14364624
6368,114.013855
6370,93.63638306
6371,85.061409
6377,98.00507355
6379,93.86753082
6381,92.76809692
6382,78.03451538
6383,113.0216446
6388,106.6267242
6390,111.2423935
6392,101.5049744
6393,95.13787079
6395,96.15611267
6398,108.4687042
6401,76.85662842
6402,95.23178101
6403,109.1445923
6405,99.95378876
6406,96.90575409
6407,107.277092
6409,100.8392258
6411,89.8646698
6413,93.41372681
6416,100.7338715
6417,96.87895203
6418,92.87281799
6419,120.6183014
6420,111.6987991
6426,106.108139
6429,99.20940399
6430,98.21263123
6431,109.1445923
6432,104.2175369
6434,110.9588394
6437,111.6294937
6438,93.44177246
6439,101.3532028
6440,91.92874146
6441,95.14461517
6442,110.8322372
6443,97.16680145
6445,95.40841675
6448,111.3592758
6450,116.3681488
6453,94.07805634
6455,87.19846344
6457,94.85677338
6458,108.3982468
6461,93.20993805
6464,109.4979477
6467,94.31102753
6469,90.62052155
6470,79.60248566
6471,96.32950592
6473,100.265625
6474,91.43460846
6479,91.46920013
6481,98.25224304
6484,111.6807251
6495,106.6205521
6496,124.9741592
6505,114.156044
6506,96.03498077
6508,106.4150009
6509,88.24578094
6510,105.3675613
6512,108.9117966
6513,90.78074646
6514,118.8995743
6515,100.8540649
6519,92.39174652
6521,93.06389618
6523,77.56056976
6525,110.6741409
6526,95.31020355
6528,96.66351318
6529,114.9390182
6531,100.0461273
6533,105.4741516
6534,93.61313629
6535,107.2459335
6536,97.96109772
6537,116.8957825
6540,89.68053436
6541,113.0216446
6547,98.41564178
6548,108.9970169
6551,111.8582993
6553,103.157959
6555,110.7051697
6556,95.16718292
6561,76.16636658
6564,91.33292389
6565,107.2459335
6568,91.51052094
6569,110.8322372
6573,104.0112305
6574,98.03392792
6577,115.0929871
6579,108.5046158
6581,89.86776733
6582,108.4008942
6585,105.4465942
6586,92.34828186
6589,100.5487823
6590,76.25065613
6593,93.61052704
6594,107.1692505
6595,91.45870972
6599,92.69308472
6600,92.11004639
6601,111.3548965
6602,90.9671402
6603,111.3592758
6604,91.71613312
6607,97.65155029
6608,93.40093994
6609,93.37033081
6611,91.69602966
6613,110.8322372
6614,102.3666077
6616,94.61896515
6617,110.8322372
6618,93.02999878
6619,100.4101639
6621,110.7051697
6627,109.0395355
6629,111.1863174
6631,75.26696777
6634,96.57926178
6636,91.0933075
6638,91.51052094
6639,110.8322372
6641,106.5064468
6642,89.16352844
6651,111.7973633
6654,75.80158234
6657,92.9839859
6663,97.42784119
6665,105.8362122
6666,91.56764221
6668,93.97377014
6669,112.4428329
6670,93.27458954
6671,95.13878632
6673,91.97072601
6675,93.86729431
6676,77.05796051
6677,87.95707703
6679,86.5793457
6680,114.3989944
6681,105.3675613
6685,104.1468887
6688,89.26701355
6689,90.74715424
6690,109.2976685
6692,110.8322372
6693,96.3184433
6694,95.02864075
6698,121.8588409
6699,92.84468842
6700,110.5815887
6701,94.85677338
6702,108.3862762
6704,90.74715424
6707,105.7667465
6712,111.6519852
6713,97.35057831
6715,92.71104431
6721,114.5425873
6722,90.67156219
6723,118.3436737
6724,95.41673279
6725,119.4016266
6731,116.838562
6735,81.12395477
6736,92.77718353
6737,106.2009354
6738,91.37111664
6739,100.4925842
6741,113.2964401
6743,96.27159119
6745,93.97377014
6747,110.129776
6749,90.9057312
6750,101.4479599
6751,115.0461578
6752,92.37179565
6753,110.8322372
6755,116.3960419
6756,94.98979187
6757,99.64836121
6759,114.3907089
6761,96.18267059
6763,96.32950592
6764,117.5526657
6765,92.2370224
6766,109.9754639
6768,115.6224747
6771,90.74715424
6773,96.51101685
6774,92.44295502
6778,99.73600006
6779,93.70953369
6781,99.39759827
6784,89.47644806
6786,96.43656158
6787,112.7657471
6790,90.00595856
6793,104.3121414
6795,107.8636627
6798,112.3669205
6806,101.2129745
6807,97.33995056
6810,97.55948639
6815,110.0578461
6816,95.61653137
6817,101.5890656
6818,93.63217163
6819,98.34966278
6820,96.73226929
6822,93.61560059
6823,111.1032333
6824,107.9996414
6825,94.78242493
6828,74.07654572
6829,108.656395
6831,105.915329
6832,91.77748871
6833,115.9419403
6834,90.96944427
6836,93.4546051
6837,109.8714752
6838,92.18947601
6840,102.0088501
6843,90.00588989
6845,85.23286438
6846,98.67892456
6847,110.9802246
6851,116.031105
6852,89.48374939
6853,105.5865784
6858,92.86469269
6861,108.0837708
6863,110.4265213
6864,76.59165192
6865,86.6232605
6866,110.3213806
6867,98.36647797
6868,99.72320557
6869,93.44274902
6870,107.9996414
6874,110.3120041
6875,101.4644928
6877,114.1943741
6878,93.71161652
6880,100.995163
6883,107.6654205
6884,86.00184631
6886,90.25922394
6890,94.56119537
6893,110.2844772
6894,93.03527832
6899,114.1943741
6900,93.010849
6904,92.98337555
6905,106.9060364
6906,90.63581848
6910,89.62949371
6912,103.8546829
6913,109.471817
6920,88.55342102
6922,93.77492523
6923,107.8636627
6926,97.31549072
6927,107.5578384
6928,91.45189667
6931,115.0748978
6933,97.88381195
6936,88.78170776
6937,109.2209167
6939,112.7014923
6941,98.32707977
6942,105.5571594
6943,96.01194
6944,94.6076355
6945,100.7458649
6946,109.1846237
6947,110.976799
6949,105.4491043
6951,104.0304794
6953,113.3113403
6954,84.79472351
6955,110.7574692
6963,109.414856
6964,89.60993958
6966,101.4468994
6968,95.95353699
6970,98.29964447
6972,102.672554
6976,113.9169312
6978,110.3213806
6981,93.41120148
6985,96.38537598
6986,86.57164764
6987,112.9039993
6989,116.9919891
6991,111.1032333
6993,113.1546631
6994,87.68464661
6995,113.6537094
6996,93.23419189
6997,113.8158875
6998,81.06713867
7001,111.8210449
7003,106.1356583
7006,96.33307648
7008,93.9732132
7010,85.5692215
7011,92.29977417
7012,119.7731094
7013,94.68920898
7014,108.482811
7017,97.42892456
7018,105.9279175
7019,84.6207428
7023,95.84741211
7024,93.45954895
7025,87.24343872
7026,108.7354584
7027,90.96419525
7028,120.0142899
7030,107.8636627
7031,91.50834656
7033,112.6893921
7036,94.69452667
7037,95.57634735
7039,102.6101608
7044,97.13147736
7045,109.8714752
7046,90.49279785
7049,100.0743484
7050,99.00927734
7051,98.29964447
7054,111.2777786
7055,110.5630112
7057,91.38665009
7060,114.1943741
7061,102.437027
7063,92.40133667
7064,105.0904007
7067,100.995163
7071,98.80526733
7074,100.5595856
7075,99.89001465
7078,109.8714752
7079,88.71715546
7080,107.0846863
7081,98.64850616
7082,109.5131454
7083,97.32456207
7085,106.5249405
7092,99.09985352
7094,88.59774017
7100,93.92469788
7101,105.9461899
7102,110.3213806
7104,104.0495758
7105,102.437027
7106,99.92782593
7107,97.85771942
7108,76.42591095
7109,88.3977356
7110,109.2209167
7112,95.13771057
7113,103.5702209
7114,94.5473175
7116,110.5548096
7117,108.4809036
7118,103.7408829
7120,93.64569855
7121,106.5054626
7123,100.8022919
7124,98.74359131
7127,108.8595123
7131,99.65606689
7132,93.63217163
7133,88.66441345
7134,109.2692337
7135,91.2076416
7136,108.2848434
7137,96.5488205
7141,93.53212738
7144,99.8317337
7147,108.1090698
7148,87.60248566
7150,93.60641479
7151,93.64569855
7152,100.5153046
7154,92.41242218
7156,93.76384735
7157,104.2838593
7159,112.202713
7161,89.36374664
7163,94.99219513
7164,101.1626129
7167,80.05464172
7169,101.3131943
7170,86.13184357
7173,95.36382294
7174,98.85055542
7177,105.6055527
7178,101.1102219
7179,94.91091156
7180,73.54324341
7181,107.7815323
7182,93.06896973
7184,98.91136169
7185,119.8757095
7186,92.52141571
7187,108.770195
7188,92.47375488
7189,110.206131
7191,100.5274658
7193,110.4405365
7197,96.63720703
7199,86.91841888
7200,109.5131454
7201,91.2076416
7204,94.04392242
7207,102.092308
7209,110.4265213
7210,94.89061737
7211,101.4032593
7213,97.68703461
7214,113.8158875
7216,108.7207031
7217,103.3341141
7220,111.690361
7224,107.8636627
7225,92.81761169
7226,108.7207031
7227,94.47994232
7234,119.8757095
7236,78.73881531
7239,101.5216293
7240,89.48641968
7242,114.2102509
7244,112.056839
7245,89.90929413
7247,112.4762573
7248,86.7718811
7249,118.1207352
7250,116.7379837
7251,92.95475006
7252,110.6440277
7253,76.17343903
7256,95.57479858
7260,91.79386139
7261,114.3758774
7264,100.5700531
7269,108.7539215
7270,88.86819458
7273,113.2133865
7279,87.61782837
7281,114.1070023
7284,94.35012054
7285,112.113472
7286,118.1443939
7287,92.08230591
7289,91.92593384
7292,88.4991684
7293,113.8117142
7296,90.68255615
7297,108.0083466
7298,88.78102112
7299,123.3260803
7301,103.1223297
7304,111.5698242
7306,114.7450027
7308,91.92593384
7309,97.39549255
7312,91.20479584
7313,76.17343903
7314,95.9866333
7316,103.8738174
7319,121.7394485
7321,97.73999023
7323,97.51081085
7324,105.0795059
7325,94.42225647
7328,96.35942078
7330,76.7826004
7334,94.95615387
7337,122.4750366
7338,96.29240417
7339,91.0581665
7341,85.58203125
7342,114.2474976
7344,114.1928787
7345,103.1354599
7347,111.8714294
7349,114.1070023
7350,95.32484436
7353,114.6327286
7355,107.8528442
7356,85.83370972
7357,128.3400269
7358,93.34712219
7360,93.88573456
7363,101.5106277
7364,92.02985382
7366,96.51359558
7368,89.99743652
7369,111.1406479
7370,86.15962982
7373,92.43351746
7374,105.7940903
7375,101.6707077
7377,97.99502563
7379,91.79223633
7380,112.4953918
7382,108.0853882
7383,94.02306366
7385,96.39802551
7386,108.4399948
7391,93.35217285
7394,112.6797791
7396,116.7379837
7397,88.20524597
7399,98.12073517
7400,105.8297882
7403,78.81312561
7405,115.6360397
7408,109.0472031
7414,111.5200577
7416,100.3879471
7417,85.47932434
7419,89.65962219
7420,114.6721954
7421,92.10115814
7422,93.35154724
7423,99.91286469
7425,76.09741211
7430,93.65093231
7432,95.8529129
7433,93.25151062
7434,111.3003769
7436,110.0338821
7437,89.7880249
7438,103.5405884
7440,101.7241058
7441,92.35149384
7442,112.8356247
7445,111.2279205
7446,96.53643799
7448,107.5058594
7450,102.3117752
7451,93.17527771
7454,110.5262451
7455,87.35979462
7457,113.0166397
7459,100.1242981
7462,95.82439423
7464,93.17527771
7465,106.6602859
7466,99.55014038
7467,106.1316681
7469,117.1317596
7472,87.53923798
7473,109.082489
7479,94.95615387
7480,107.8857193
7484,111.1815186
7491,94.71453094
7494,93.25684357
7495,99.8878479
7501,90.67490387
7503,88.65538025
7504,107.1696014
7505,88.48590851
7508,109.3480301
7509,92.67076111
7510,76.17343903
7511,112.8181763
7515,94.99887085
7516,108.9244232
7517,93.70050812
7518,100.1994247
7519,93.89850616
7521,98.82749176
7522,104.0886307
7524,106.7039032
7526,98.47628021
7527,87.59796906
7528,99.87332153
7529,95.06867218
7534,104.7546005
7537,110.964447
7538,89.31741333
7540,96.18279266
7541,112.4523163
7545,117.4806824
7551,114.148201
7553,95.93798828
7554,100.8981094
7555,96.44755554
7561,111.4048767
7562,112.5382614
7564,92.7251358
7565,102.4547577
7566,96.38275909
7567,110.114296
7569,101.3821106
7570,93.83349609
7571,111.5546112
7572,90.19520569
7574,100.2162933
7578,114.2852402
7579,87.65149689
7586,86.86080933
7587,72.73732758
7590,96.04999542
7593,109.082489
7594,96.62690735
7595,96.38275909
7600,100.19384
7601,77.49878693
7602,79.28533936
7603,107.3880463
7604,97.89255524
7606,92.28993225
7608,112.35849
7613,79.8109436
7615,112.0603714
7616,111.4634705
7617,113.5245743
7618,87.59796906
7619,102.106514
7622,102.387413
7623,106.0310135
7624,91.94513702
7625,102.4705353
7626,95.33378601
7627,109.2833405
7628,77.75209808
7631,104.6496506
7632,104.9232483
7633,91.0577774
7634,117.6276474
7635,86.98252106
7636,115.7595901
7637,115.7595901
7639,90.46264648
7640,78.65863037
7644,110.4410858
7645,88.40193176
7648,102.9246674
7649,95.68639374
7650,111.5192871
7652,106.6602859
7653,89.83072662
7655,91.87873077
7659,108.529808
7662,104.0310898
7664,97.97934723
7666,101.3063736
7668,99.853508
7669,109.9769058
7670,90.05697632
7672,95.83139038
7673,111.1878967
7678,94.70734406
7679,75.43627167
7680,104.2598801
7683,92.25817871
7685,118.1443939
7688,96.58235931
7690,108.8455963
7692,89.97055054
7693,98.36670685
7695,122.4750366
7696,91.96302032
7698,90.96366119
7699,114.0561142
7702,91.00722504
7703,110.0676041
7704,97.62730408
7707,112.8181763
7713,77.21665955
7715,102.332077
7717,110.5129852
7718,93.85205841
7719,97.33808899
7721,115.3979416
7722,97.52071381
7725,97.75145721
7727,98.93143463
7730,69.42650604
7733,89.31323242
7735,99.02085876
7740,109.4962158
7741,110.0080032
7742,89.097435
7744,118.2499313
7747,86.08375549
7750,75.51705933
7752,112.2709351
7754,113.5467072
7756,106.755455
7757,96.91967773
7758,103.6587143
7760,102.9218979
7761,90.59249115
7763,110.7009964
7765,90.52024841
7767,114.9809647
7768,91.22510529
7771,86.92089844
7773,88.03112793
7774,125.1264038
7776,107.4745712
7779,88.48042297
7783,89.05517578
7786,108.8533325
7787,93.08513641
7789,87.27916718
7791,96.87571716
7793,91.31339264
7794,108.3996658
7795,85.33747101
7799,77.36302948
7800,111.511322
7802,103.5868225
7805,105.6410751
7807,98.3092041
7808,92.73973846
7811,105.4540329
7817,108.302002
7818,103.4554214
7819,91.97149658
7822,90.3249054
7823,107.7261734
7825,119.7112198
7828,93.02210999
7832,91.32235718
7833,77.42462158
7834,112.0914001
7835,88.4169693
7837,97.40289307
7840,90.32003021
7842,92.10154724
7843,106.7477188
7844,88.02597046
7846,90.59249115
7850,85.59421539
7853,108.7233276
7855,109.012825
7858,90.08750153
7863,109.9227142
7865,112.4648209
7866,85.59658051
7868,85.47104645
7869,110.0397263
7871,78.01361847
7872,101.4697647
7874,106.840271
7877,115.8906631
7878,88.84196472
7879,107.6126328
7881,94.80773163
7883,91.91762543
7885,100.3613586
7886,93.83724976
7889,104.2998199
7890,99.90013885
7891,89.02288818
7893,88.13546753
7894,98.85477448
7896,110.0187683
7898,96.85693359
7901,86.35301208
7902,108.8768845
7904,113.5358276
7905,90.13641357
7906,117.721405
7909,92.80814362
7910,98.95790863
7913,91.52690887
7918,120.8758621
7919,91.33625793
7923,96.46144104
7925,89.1062851
7927,87.43955994
7930,90.44317627
7932,89.32394409
7933,94.44126129
7935,88.2600708
7939,98.51295471
7942,87.93191528
7943,111.4822006
7945,101.2530975
7946,91.38069916
7948,99.40745544
7949,107.5180206
7950,89.23400879
7951,114.9809647
7955,97.52409363
7959,89.10380554
7960,109.4962158
7961,90.59588623
7962,100.2300568
7964,101.9228973
7965,93.85778046
7966,111.7868118
7967,99.28263855
7968,92.78153992
7971,96.71458435
7974,91.33625793
7976,119.426178
7978,114.1842117
7982,109.4962158
7983,92.06623077
7984,99.49791718
7986,91.55784607
7989,107.5180206
7991,108.8768845
7992,114.7368088
7993,85.85209656
7994,111.3400726
7995,91.32235718
7997,87.98448944
7998,99.49791718
7999,108.302002
8002,90.58316803
8007,99.68761444
8009,89.1941452
8011,88.87599182
8013,95.08879089
8015,98.05802155
8017,113.5120621
8019,115.2092667
8023,90.76657867
8024,113.3620453
8026,110.4462051
8027,90.09386444
8029,89.96003723
8030,110.6359177
8031,85.03470612
8033,91.322258
8035,84.36145782
8036,111.4756241
8039,101.3478088
8042,84.79161072
8044,90.67841339
8046,75.60910797
8048,116.9104462
8049,90.13641357
8050,101.2043915
8053,91.43847656
8054,89.95413971
8059,92.2978363
8061,90.7999115
8062,107.1193008
8064,112.4181671
8066,109.0492096
8067,86.78231049
8068,94.10708618
8070,93.18566895
8071,114.018074
8072,90.13816833
8076,84.84495544
8080,91.34038544
8081,115.3808212
8084,101.4380646
8087,111.2136765
8089,87.11171722
8090,113.0501404
8091,100.6676102
8094,145.2841187
8100,86.52812195
8101,88.11372375
8110,90.00827789
8111,108.8768845
8112,95.66753387
8115,107.2748718
8116,90.06053925
8118,112.4181671
8121,119.2402725
8125,106.5136414
8127,111.7791595
8128,93.66872406
8129,107.8446503
8131,102.386055
8138,89.92589569
8139,101.6892929
8140,90.97257996
8141,88.03112793
8142,115.6167145
8143,106.855629
8145,110.4462051
8146,95.05217743
8148,108.0445709
8153,111.8469925
8154,88.03666687
8155,106.2203598
8161,89.84998322
8162,108.4337769
8163,88.88115692
8166,110.6131592
8168,110.0983658
8170,92.73370361
8172,109.9280014
8173,91.17263031
8176,97.90285492
8179,90.91362
8181,92.99652863
8182,114.6471786
8184,113.7914658
8190,102.5557785
8191,92.14823914
8194,106.1951141
8196,110.6197815
8198,113.4188309
8199,107.6063385
8201,114.1369095
8202,91.25862885
8207,95.41345978
8208,108.0778351
8211,105.4012299
8214,108.6165314
8217,93.04369354
8218,108.9414444
8222,94.01478577
8229,103.2647171
8231,87.08901215
8233,89.64389038
8236,92.36954498
8238,119.9481583
8240,96.31569672
8243,98.44805908
8246,107.090332
8250,96.61824036
8254,99.47666931
8256,75.9204483
8257,107.1996765
8258,94.4033432
8260,97.02079773
8261,119.5751801
8263,113.9430389
8264,91.06600952
8267,107.0643311
8268,88.00032806
8271,93.51413727
8272,108.0778351
8275,95.00946808
8276,92.93164063
8277,106.5587234
8278,117.0151443
8279,95.6266861
8280,108.8226013
8281,99.42826843
8282,104.0138855
8287,116.9848938
8288,91.70474243
8289,118.553154
8294,92.70213318
8296,91.25411224
8299,109.7348938
8302,98.83953857
8308,106.6817093
8314,99.98133087
8315,90.103302
8316,107.0602188
8317,92.9578476
8319,116.1470566
8320,89.80396271
8321,117.0510178
8323,98.36579895
8325,92.65667725
8326,105.1575317
8328,109.8997116
8330,110.5477753
8331,88.95236969
8332,109.8995819
8334,90.40785217
8338,91.84840393
8339,100.029129
8341,87.33998871
8345,107.1153183
8346,91.17591858
8347,99.5040741
8349,94.7025528
8351,92.19760132
8352,106.9242401
8353,109.8997116
8355,113.3550415
8358,109.7038803
8359,108.471405
8360,87.65609741
8361,115.1135254
8363,95.15859985
8364,91.64053345
8365,88.19281769
8366,101.5700607
8370,107.1197205
8372,88.94114685
8376,95.20024109
8377,113.9525604
8379,108.7569427
8380,86.59156799
8381,115.6968613
8386,87.62320709
8388,108.1611938
8389,106.7819443
8391,113.967926
8394,99.47666931
8396,104.3946304
8398,104.5499496
8400,121.5891266
8401,86.2888031
8404,87.33998871
8407,93.40603638
8408,111.0073776
8409,112.6204224
8410,104.7508316
8411,90.15753174
8413,88.70170593
8414,110.1067886
8416,91.01621246
