{
   "timestamp":"156765052857615.22",
   "rates":[
      {
         "currency":"USD",
         "rate":71.742
      },
      {
         "currency":"AUD",
         "rate":48.260576
      },
      {
         "currency":"NZD",
         "rate":45.145883
      },
      {
         "currency":"CAD",
         "rate":53.945409
      },
      {
         "currency":"CZK",
         "rate":3.037573
      },
      {
         "currency":"EUR",
         "rate":78.840828
      },
      {
         "currency":"AED",
         "rate":19.532262
      },
      {
         "currency":"GBP",
         "rate":87.266756
      },
      {
         "currency":"HKD",
         "rate":9.148723
      },
      {
         "currency":"JPY",
         "rate":0.674647
      },
      {
         "currency":"MXN",
         "rate":3.579833
      },
      {
         "currency":"NOK",
         "rate":7.874892
      },
      {
         "currency":"THB",
         "rate":2.343744
      },
      {
         "currency":"SGD",
         "rate":51.676151
      }
   ]
}
